feature,fold0,fold1,fold2,fold3,fold4,mean
rrf,0.3999053367416281,0.3520618098225579,0.42066997302137765,0.454311403498851,0.3826534879497787,0.40192040220683867
score_all,0.12399625703246629,0.18756850122178098,0.10800775930528782,0.09544515240043547,0.14301414049262728,0.13160636209051957
addr_tset,0.06234085795054823,0.07301941460171782,0.06760427408757347,0.06033829826213066,0.05239334728728467,0.06313923843785098
addr_char3_cos,0.051332844619791464,0.051877849910082284,0.06500142299768935,0.055264917565064686,0.058951607666124416,0.056485728551750436
rr_all,0.054042945294452055,0.03340400041224353,0.0401975902336709,0.03103752401557022,0.039372856674439245,0.03961098332607519
addr_num_jacc,0.02904655696301222,0.02824774301238765,0.02932144556281241,0.027811739183432264,0.030880517319734704,0.02906160040827585
name_ratio,0.027195038446888052,0.022063783558473705,0.028230594447212296,0.02688118499463475,0.02801973135402986,0.02647806656024773
name_partial,0.02370456994422554,0.027982621292413197,0.02669457696320632,0.02410361170508758,0.026367499600699635,0.02577057590112646
name_miss_idf_max_r,0.02338984763027701,0.02203912723265413,0.022104820361192896,0.022131934444341375,0.02311909195154421,0.022556964324001925
addr_wjacc,0.020034644285795385,0.01628638997153564,0.016658301272718938,0.024237973038545593,0.021464499961590045,0.01973636170603712
addr_tok_jacc,0.013608200759893134,0.006849370091514513,0.006135633207185898,0.007311570838780177,0.022525637695777822,0.011286082518630308
name_norm_ratio,0.010873786650602662,0.011018413652994117,0.011167962936649612,0.010734085528193089,0.011379715704891349,0.011034792894666167
addr_miss_idf_max_r,0.009019845796977,0.009431517130454398,0.009049169408947948,0.008619446067685513,0.009438983670392757,0.009111792414891523
score,0.008395034934294452,0.009129725868040242,0.007996685461215505,0.008731421325108171,0.009344049768497068,0.00871938347143109
house_absdiff,0.008550211031146204,0.00849642803824719,0.008679794169835256,0.008823194253008102,0.008089543774277378,0.008527834253302825
name_ntok_r,0.008538758353614739,0.009136097546347055,0.008148024713770559,0.008378115927650188,0.008029032755014471,0.008446005859279404
addr_shared_idf_max,0.007709854677448502,0.010082087718037895,0.00818763876288993,0.007443987455600506,0.00805081978216261,0.008294877679227888
street_ratio,0.007081623876964794,0.00731178773986336,0.007775374810157967,0.007867719864248997,0.008336361634652545,0.007674573585177533
legal_eq,0.007295112267974252,0.007030085871260515,0.007568816187786444,0.008158370020009693,0.007209449883784714,0.007452366846163123
name_lev,0.006699774057184325,0.006009342840821485,0.005581849814231431,0.006582252840154659,0.005351787060381325,0.006045001322554646
name_freq_r,0.006053377324439695,0.006088203004214187,0.0055930062895096,0.006305100427377644,0.005930891495981579,0.005994115708304541
addr_num_conflict,0.006160315327154758,0.0066258870231305726,0.005386597702495909,0.004981269839046509,0.003928354613243077,0.005416484901014165
name_len_ratio,0.005295284772757994,0.005786962143305334,0.005136666512088068,0.005737674028173578,0.005058291280943385,0.005402975747453673
name_jaro,0.004209749606364025,0.005245307187322429,0.0047682216998508895,0.004468586135021803,0.0040143454962523455,0.004541242024962299
legal_state,0.004234927344257458,0.0042689823679680425,0.004427751415862043,0.004472509442898827,0.004242239559973023,0.004329282026191879
name_char3_cos,0.0036156004196502304,0.004578359317578604,0.003691127191169,0.004914312802958519,0.004058332729274365,0.004171546492126144
name_jw,0.004698015558281436,0.0038634116426964618,0.003123747510890201,0.003908448486422797,0.004101500678339152,0.003939024775326009
score_addr,0.0037989861163968707,0.004043014111294381,0.0040840201882717106,0.003194914029410687,0.003905253852399827,0.003805237659554695
name_dl,0.003193183398292144,0.0051366210189786755,0.003298453014189514,0.003150279258822117,0.0034972014383960206,0.0036551476257356942
name_shared_idf_sum,0.00374798272433356,0.0034661050584757396,0.0037885423734825316,0.0034021918957078726,0.003707663926751236,0.003622497195750188
n_name_hi,0.003277469128051677,0.0033397146450408768,0.003376764044042663,0.0036388633929071096,0.0035066310019096583,0.003427888442390397
name_prefix,0.0034739148483974936,0.003196184019300103,0.0034204684602787217,0.003409806020328646,0.0035512924420705995,0.0034103331580751127
name_miss_idf_max_l,0.0032881083025080035,0.0031907449667288464,0.00322897777852124,0.003300624416577191,0.0035412964595930496,0.0033099503847856663
legal_conflict,0.003440280942211779,0.003533597074548959,0.0025208462542171666,0.0023351445606790444,0.0030599240875319495,0.0029779585838377795
name_freq_l,0.002880796891819975,0.0026970071787985224,0.0032222850852565385,0.0027496282393555593,0.00285159696830697,0.002880262872707513
conflict_count,0.002331753106066236,0.003248997200606828,0.0022589338345542424,0.0028614735012385648,0.0032811249608041167,0.0027964565206539975
name_shared_idf_max,0.002622656411949879,0.00273760751315508,0.0026428755551924413,0.0025402194293614433,0.002598060179235449,0.0026282838177788584
addr_miss_idf_max_l,0.0024855237412273394,0.0022553762169128916,0.0024392571144187525,0.002355371068582622,0.002671847880129301,0.002441475204254181
score_z,0.0021741921624195445,0.002109266697431274,0.002356075751620061,0.002178387587329719,0.0023908055552311525,0.0022417455508063505
name_wjacc,0.002172552779020976,0.001983671681994348,0.002290668896437759,0.002142846622614387,0.0017610616216303112,0.0020701603203395562
name_tset,0.00227119835432644,0.0021444753531598493,0.0019127263081865063,0.0019343570166702425,0.0019527890749223731,0.0020431092214530824
addr_partial,0.0023314133116505327,0.0015435416915497208,0.001736367418453643,0.0018420443356108747,0.002264421563967887,0.0019435576642465317
rr_addr,0.001974060623285809,0.0018471890304764592,0.001594504431264516,0.0017262947819963114,0.001818269611532799,0.001792063695711179
score_name,0.0016390014511670746,0.0017703613826095198,0.0018445555479214388,0.001801253225791297,0.0016385871883283641,0.0017387517591635389
name_tsort,0.0014885312697331201,0.0017035976313112776,0.0017233071343852777,0.0018970860617470776,0.0016087369124665417,0.0016842518019286588
name_tok_jacc,0.0018119035772446413,0.0017646449612492563,0.0016975544919650945,0.001599733085728688,0.001498781174981917,0.0016745234582339192
score_gap_best,0.0014340307522146321,0.0014910146411950336,0.001427019045207997,0.0014593535251542738,0.0014895169197461436,0.001460186976703616
addr_ratio,0.001299716863999213,0.0013408977532029728,0.0013518709255924137,0.0013591490581375003,0.0013718255870980556,0.0013446920376060313
addr_ratio_gap_best,0.0011807510737247057,0.0013265611861499299,0.001280233625863097,0.0014354151921431842,0.0011544331734162144,0.0012754788502594263
wjacc_gap_best,0.0011130167971748297,0.0011634940975073665,0.0011687963151231914,0.0012415501432419538,0.0012416548102362436,0.001185702432656717
n_cand_ctx,0.0009171968559224153,0.0008704317437699839,0.000987455293563472,0.000930809550001831,0.0008917350001888422,0.000919525688689309
score_rank,0.0008522668561274042,0.0008576320646210333,0.0009510212717059482,0.0008947272537040507,0.0007865359262279292,0.0008684366744772732
score_top2_gap,0.000829898479568597,0.0007259634710452297,0.0008186802205309526,0.0008044470648993267,0.0007629403135563016,0.0007883859099200814
name_tok_contain,0.000871524194252609,0.0008185079769164442,0.0006775752811132839,0.0006076407875769531,0.0008098770719266526,0.0007570250623571886
name_ratio_gap_best,0.000610343891402861,0.0005523280175001252,0.0006403756708418979,0.0006139556453649839,0.0012364943555558618,0.0007306995161331459
name_ratio_rank,0.0007587402423123723,0.0006743274646923381,0.0007117741127901354,0.0007015716808697832,0.0007149350041605778,0.0007122697009650413
n_passes,0.0004935945336367747,0.0006608566134568807,0.0011317581178658341,0.00033122793875777954,0.0005454285215907513,0.000632573145061604
name_ntok_l,0.0005865225244369774,0.0005896035531697632,0.0005892358189406636,0.0006458457458254792,0.0006131651260615413,0.0006048745536868849
house_eq,0.0004243889122547304,0.000424206675970649,0.0005460883417538783,0.0005898738532350041,0.0006995087865918634,0.000536813313961225
name_num_state,0.00044776120171827297,0.0004585385251424251,0.0005146653372252362,0.0004327362798215404,0.0004249296011678951,0.00045572618901507393
rr_name,0.00038143408329901693,0.0004015838692368406,0.00041167801770114395,0.00047952457079877494,0.0004288375710884275,0.0004206116224248407
is_s3,0.00019142144769038332,0.00021646126560786018,0.00023139160972280605,0.00022195557713256241,0.0002160835669895978,0.00021546269342864196
house_conflict,0.00012185662746767459,0.00013109233766957681,0.00014880316517780248,0.00010749943007892188,0.00011078582411441217,0.00012400747690167758
postcode_eq,2.5698268339400017e-05,3.2627663595540407e-05,2.7610276234321873e-05,2.9683188506412045e-05,3.0424426278041964e-05,2.920876459074326e-05
region_eq,8.84946141860287e-06,1.4465727449308398e-05,1.2540081829315537e-05,9.721724648196877e-06,1.8025042259423433e-05,1.2720407520969425e-05
postcode_conflict,8.63034166526772e-06,9.599785922888061e-06,9.591699302161535e-06,1.1527474870867021e-05,8.006746586346152e-06,9.471209669506097e-06
region_conflict,2.4369233135648864e-06,5.665553814141993e-06,3.849611607033166e-06,1.9676028371084784e-05,6.410880925956333e-06,7.607799606356233e-06
name_num_eq,3.822456217606954e-06,1.0496739044617136e-05,7.0076425264591765e-06,5.30991149143325e-06,3.959257216244638e-06,6.119201299272232e-06
name_num_jacc,3.434977739686153e-06,7.231663656765864e-06,3.91832953652982e-06,2.8457825424678255e-06,2.2292990159123382e-06,3.932010498272399e-06
name_num_conflict,7.814259093031184e-07,1.4839563964109528e-06,1.050458306316736e-06,1.629671933784467e-06,7.934461194622951e-07,1.147791733055514e-06
name_empty_l,0.0,0.0,0.0,0.0,0.0,0.0
name_empty_r,0.0,0.0,0.0,0.0,0.0,0.0
domain_conflict,0.0,0.0,0.0,0.0,0.0,0.0
addr_state,0.0,0.0,0.0,0.0,0.0,0.0
phone_eq,0.0,0.0,0.0,0.0,0.0,0.0
phone_conflict,0.0,0.0,0.0,0.0,0.0,0.0
domain_eq,0.0,0.0,0.0,0.0,0.0,0.0
