pass,k,pair_recall
all,1,0.2528836237900046
all,2,0.4664898795131998
all,3,0.6307806077202834
all,4,0.7466397441785897
all,5,0.8203097241600443
all,6,0.8629350711626066
all,7,0.8866655689686549
all,8,0.9003723507202921
all,9,0.9094110272431315
all,10,0.9160463228560947
all,11,0.921121731820821
all,12,0.9253392031290171
all,13,0.9289038329881362
all,14,0.9321218213698693
all,15,0.9349642814844343
all,16,0.937240560519269
all,17,0.9394012923949748
all,18,0.9412442695830769
all,19,0.942818599626205
all,20,0.9444102617432022
all,21,0.9457852729368332
all,22,0.9470071841446188
all,23,0.9481337689461232
all,24,0.9491794707362377
all,25,0.9501529555518966
all,26,0.9510224479243398
all,27,0.9518601648280225
all,28,0.9525996666464459
all,29,0.9533738326126079
all,30,0.9540584495304453
all,31,0.95468240418974
all,32,0.955242807911514
all,33,0.9558118776702226
all,34,0.9562913983806066
all,35,0.9567969172017945
all,36,0.9572157756536358
all,37,0.9576779642901505
all,38,0.9581199321738176
all,39,0.9585676774154411
all,40,0.9589056528558925
all,41,0.9592580716912349
all,42,0.9596133792055556
all,43,0.9599715753988544
all,44,0.960326882913175
all,45,0.9606706357115827
all,46,0.9610057224730558
all,47,0.9613783620612457
all,48,0.9617741110812614
all,49,0.9621120865217128
all,50,0.9624413959252295
name,1,0.18474546405183445
name,2,0.3400639553525777
name,3,0.4577949557887682
name,4,0.5377969200904734
name,5,0.589660262465372
name,6,0.6222907802033052
name,7,0.6445422743725067
name,8,0.6608748653153427
name,9,0.674304333885071
name,10,0.6855412951103331
name,11,0.6949035036787327
name,12,0.7033702217638852
name,13,0.7106843569367293
name,14,0.7172474355752371
name,15,0.72294391052028
name,16,0.7282128609765468
name,17,0.7327509756513249
name,18,0.736942448848717
name,19,0.7407786145317885
name,20,0.7444096840074066
name,21,0.7474485742924903
name,22,0.7503083664809246
name,23,0.7530641662261431
name,24,0.7556726433434726
name,25,0.757905592193634
name,26,0.7601240976489042
name,27,0.7621375068967211
name,28,0.7639949274797142
name,29,0.7657454669405135
name,30,0.7674555648956176
name,31,0.7674555648956176
name,32,0.7674555648956176
name,33,0.7674555648956176
name,34,0.7674555648956176
name,35,0.7674555648956176
name,36,0.7674555648956176
name,37,0.7674555648956176
name,38,0.7674555648956176
name,39,0.7674555648956176
name,40,0.7674555648956176
name,41,0.7674555648956176
name,42,0.7674555648956176
name,43,0.7674555648956176
name,44,0.7674555648956176
name,45,0.7674555648956176
name,46,0.7674555648956176
name,47,0.7674555648956176
name,48,0.7674555648956176
name,49,0.7674555648956176
name,50,0.7674555648956176
addr,1,0.23305861996250496
addr,2,0.4311555582516559
addr,3,0.5804482652038396
addr,4,0.6791948673951915
addr,5,0.7377310582097701
addr,6,0.7711964041724079
addr,7,0.7910531834686679
addr,8,0.804251557720139
addr,9,0.8142377209478333
addr,10,0.8223375768027523
addr,11,0.8290017592054977
addr,12,0.8345682435965208
addr,13,0.8394183356009464
addr,14,0.843803350289879
addr,15,0.84768862351558
addr,16,0.8512792514855032
addr,17,0.8543441398813908
addr,18,0.8571114943425222
addr,19,0.8596333110905052
addr,20,0.8618951467304486
addr,21,0.8638854465464398
addr,22,0.865835304856736
addr,23,0.8675916216754915
addr,24,0.8692872762357047
addr,25,0.8708500515629197
addr,26,0.8722452835093983
addr,27,0.8736145173450729
addr,28,0.8748190964789891
addr,29,0.8759370152435589
addr,30,0.8770231585393684
addr,31,0.8770231585393684
addr,32,0.8770231585393684
addr,33,0.8770231585393684
addr,34,0.8770231585393684
addr,35,0.8770231585393684
addr,36,0.8770231585393684
addr,37,0.8770231585393684
addr,38,0.8770231585393684
addr,39,0.8770231585393684
addr,40,0.8770231585393684
addr,41,0.8770231585393684
addr,42,0.8770231585393684
addr,43,0.8770231585393684
addr,44,0.8770231585393684
addr,45,0.8770231585393684
addr,46,0.8770231585393684
addr,47,0.8770231585393684
addr,48,0.8770231585393684
addr,49,0.8770231585393684
addr,50,0.8770231585393684
union (same k per pass),1,0.3955756992769637
union (same k per pass),2,0.6467925552965373
union (same k per pass),3,0.7924224173043426
union (same k per pass),4,0.8692179479402274
union (same k per pass),5,0.9086166405241219
union (same k per pass),6,0.9282365481441682
union (same k per pass),7,0.9387686716987454
union (same k per pass),8,0.9446731315302199
union (same k per pass),9,0.9486999500258537
union (same k per pass),10,0.9517186195580899
union (same k per pass),11,0.9541075570730749
union (same k per pass),12,0.9562509568749116
union (same k per pass),13,0.958151707642578
union (same k per pass),14,0.9597549244754882
union (same k per pass),15,0.9611357130270756
union (same k per pass),16,0.9622854072604058
union (same k per pass),17,0.9633195543346073
union (same k per pass),18,0.9641948240650068
union (same k per pass),19,0.965038318326646
union (same k per pass),20,0.9658413710825903
union (same k per pass),21,0.966572206864079
union (same k per pass),22,0.9672077162392866
union (same k per pass),23,0.9678287822196031
union (same k per pass),24,0.9683660765095514
union (same k per pass),25,0.9688484858989136
union (same k per pass),26,0.9693251179303193
union (same k per pass),27,0.9697641971350082
union (same k per pass),28,0.9701397254021763
union (same k per pass),29,0.9705470291381049
union (same k per pass),30,0.9709283347632294
union (same k per pass),31,0.9711016555019224
union (same k per pass),32,0.9712316460559421
union (same k per pass),33,0.9713818573628095
union (same k per pass),34,0.9715176252747856
union (same k per pass),35,0.971630283754936
union (same k per pass),36,0.9717689403458905
union (same k per pass),37,0.9718815988260409
union (same k per pass),38,0.9720000346641477
union (same k per pass),39,0.9721126931442982
union (same k per pass),40,0.9721993535136447
union (same k per pass),41,0.9722773478460566
union (same k per pass),42,0.9724073384000763
union (same k per pass),43,0.9725171082012485
union (same k per pass),44,0.9725979912126386
union (same k per pass),45,0.9727077610138107
union (same k per pass),46,0.9728030874200919
union (same k per pass),47,0.972883970431482
union (same k per pass),48,0.9730110723065235
union (same k per pass),49,0.97309773267587
union (same k per pass),50,0.9731757270082818
