pass,rank,true_pairs
all,1,87543
all,2,73946
all,3,56874
all,4,40108
all,5,25503
all,6,14756
all,7,8215
all,8,4745
all,9,3129
all,10,2297
all,11,1757
all,12,1460
all,13,1234
all,14,1114
all,15,984
all,16,788
all,17,748
all,18,638
all,19,545
all,20,551
all,21,476
all,22,423
all,23,390
all,24,362
all,25,337
all,26,301
all,27,290
all,28,256
all,29,268
all,30,237
all,31,216
all,32,194
all,33,197
all,34,166
all,35,175
all,36,145
all,37,160
all,38,153
all,39,155
all,40,117
all,41,122
all,42,123
all,43,124
all,44,123
all,45,119
all,46,116
all,47,129
all,48,137
all,49,117
all,50,114
name,1,63955
name,2,53768
name,3,40756
name,4,27695
name,5,17954
name,6,11296
name,7,7703
name,8,5654
name,9,4649
name,10,3890
name,11,3241
name,12,2931
name,13,2532
name,14,2272
name,15,1972
name,16,1824
name,17,1571
name,18,1451
name,19,1328
name,20,1257
name,21,1052
name,22,990
name,23,954
name,24,903
name,25,773
name,26,768
name,27,697
name,28,643
name,29,606
name,30,592
addr,1,80680
addr,2,68577
addr,3,51682
addr,4,34184
addr,5,20264
addr,6,11585
addr,7,6874
addr,8,4569
addr,9,3457
addr,10,2804
addr,11,2307
addr,12,1927
addr,13,1679
addr,14,1518
addr,15,1345
addr,16,1243
addr,17,1061
addr,18,958
addr,19,873
addr,20,783
addr,21,689
addr,22,675
addr,23,608
addr,24,587
addr,25,541
addr,26,483
addr,27,474
addr,28,417
addr,29,387
addr,30,376
