kind,cands_per_s1,ceiling_f05,pair_recall
trial,26.73738,0.9860278103234877,
trial,57.6525,0.9899070853003746,
trial,18.49404,0.9752442949273847,
trial,15.00694,0.9787548657600028,
trial,34.27566,0.9822128075598302,
trial,14.6207,0.9598053761204509,
trial,48.66246,0.9878380847300887,
trial,27.0878,0.981483961879215,
trial,46.38858,0.9884437845757736,
trial,43.53604,0.9863372239046749,
trial,28.59844,0.9844179665287738,
trial,38.47388,0.9852195056440088,
trial,31.29874,0.9853171808390689,
trial,30.88662,0.9856271820563439,
trial,31.70166,0.9825539626210804,
trial,41.28178,0.9880033785793808,
trial,38.54328,0.9873102593117946,
trial,28.74746,0.9842380281155382,
trial,45.78302,0.9879622532562461,
trial,27.47428,0.9807152477056236,
trial,34.56344,0.9876391332070095,
trial,18.2347,0.9677439108265673,
trial,50.73272,0.9891836964166992,
trial,35.4145,0.9866441028683438,
trial,27.82684,0.985361296713076,
trial,27.85328,0.9861853465923038,
trial,47.0673,0.9884374128498121,
trial,34.7181,0.9875277724263651,
trial,36.78728,0.9858567930446137,
trial,29.47026,0.98039141939556,
trial,13.7168,0.977803350154331,
trial,32.03854,0.9806649716717335,
trial,14.20572,0.9804755505160924,
trial,27.0571,0.9846968419410825,
trial,41.71694,0.9868935815047272,
trial,28.21304,0.9842041812038322,
trial,9.05292,0.971640406395432,
trial,27.5382,0.986063578380203,
trial,19.34178,0.9836336437960312,
trial,17.01214,0.9806555641761159,
trial,39.4914,0.9873199141161818,
trial,26.63218,0.9702339605446704,
trial,11.80682,0.9782428163169155,
trial,20.85014,0.9820372939182949,
trial,14.08084,0.9786855803333087,
trial,24.17,0.982477869671635,
trial,50.93442,0.9893431356586476,
trial,21.71682,0.9836520076494532,
trial,17.4778,0.9790166432802012,
trial,28.89112,0.9827987245018063,
trial,36.10868,0.9860274832302847,
trial,34.57644,0.9860965483751032,
trial,29.15918,0.9860455423757493,
trial,19.729,0.9840522125939012,
trial,13.69478,0.9756423259818329,
trial,21.5101,0.9823794923653436,
trial,39.24516,0.9826378086858539,
trial,43.4859,0.987773471738993,
trial,21.2859,0.98300714363957,
trial,45.64078,0.9876059508606561,
trial,16.32522,0.9812549378801388,
trial,23.14996,0.9842834882606523,
trial,29.47026,0.98039141939556,
trial,25.75004,0.9858309398051104,
trial,11.8078,0.9782448996502487,
trial,52.36948,0.9884522939112177,
trial,19.965,0.9606374654405881,
trial,18.92654,0.9806557860886864,
trial,35.34592,0.9871752418872607,
trial,22.63716,0.9783053644197661,
trial,41.91024,0.9886881206904582,
trial,37.67908,0.9877535251271484,
trial,15.00694,0.9787548657600028,
trial,27.4047,0.985527770078047,
trial,13.57534,0.9792671119948221,
trial,42.25206,0.9881566746923013,
trial,21.6461,0.9836228734503192,
trial,16.20598,0.9814716034292539,
trial,15.86616,0.9762149896114409,
trial,23.14702,0.9751687582993298,
front,9.05292,0.971640406395432,
front,11.80682,0.9782428163169155,
front,11.8078,0.9782448996502487,
front,13.57534,0.9792671119948221,
front,14.20572,0.9804755505160924,
front,16.20598,0.9814716034292539,
front,19.34178,0.9836336437960312,
front,19.729,0.9840522125939012,
front,23.14996,0.9842834882606523,
front,25.75004,0.9858309398051104,
front,26.73738,0.9860278103234877,
front,27.5382,0.986063578380203,
front,27.85328,0.9861853465923038,
front,34.56344,0.9876391332070095,
front,37.67908,0.9877535251271484,
front,41.28178,0.9880033785793808,
front,41.91024,0.9886881206904582,
front,50.73272,0.9891836964166992,
front,50.93442,0.9893431356586476,
front,57.6525,0.9899070853003746,
B0,26.74434,0.9861755497644795,0.9608266243764064
Bwide,41.85416,0.9888974130450465,0.9681667576600544
