pipeline,slice,delta
P-rule,country=India,-0.2377620774546103
P-rule,country=US,-0.19643257448411022
P-rule,mult=0,-0.32841131471268464
P-rule,mult=1,-0.25310937062785677
P-rule,mult=2,-0.24091539349898583
P-rule,mult=3-5,-0.20011926007219838
P-rule,mult=6+,-0.16435509282730076
P-rule,name_freq_bin=no cands,-0.23913770053475947
P-rule,name_freq_bin=q1 rare,-0.17099111557833158
P-rule,name_freq_bin=q2,-0.13468005711630926
P-rule,name_freq_bin=q3,-0.1393898621560551
P-rule,name_freq_bin=q4,-0.22487869673065264
P-rule,name_freq_bin=q5 common,-0.3951310043686615
P-rule,has_addr=True,-0.21301645084605303
P0-lr,country=India,-0.11251269012602794
P0-lr,country=US,-0.07170925172553999
P0-lr,mult=0,-0.3106208859633518
P0-lr,mult=1,-0.11999310599735047
P0-lr,mult=2,-0.09418534905655285
P0-lr,mult=3-5,-0.06959777871473827
P0-lr,mult=6+,-0.05254005331069311
P0-lr,name_freq_bin=no cands,-0.013711492039665485
P0-lr,name_freq_bin=q1 rare,-0.12609580679322896
P0-lr,name_freq_bin=q2,-0.08914404385900698
P0-lr,name_freq_bin=q3,-0.07573755769376955
P0-lr,name_freq_bin=q4,-0.06983937041040844
P0-lr,name_freq_bin=q5 common,-0.07961511335906357
P0-lr,has_addr=True,-0.08808203941811976
P1,country=India,0.06695074310075588
P1,country=US,0.0452829007665968
P1,mult=0,0.10069382672122396
P1,mult=1,0.11346689865490533
P1,mult=2,0.06490147190117246
P1,mult=3-5,0.04435986164712047
P1,mult=6+,0.03772960394635039
P1,name_freq_bin=no cands,0.032026320629261695
P1,name_freq_bin=q1 rare,0.06680371447436195
P1,name_freq_bin=q2,0.049635824950583274
P1,name_freq_bin=q3,0.045464999934152095
P1,name_freq_bin=q4,0.05520567135952015
P1,name_freq_bin=q5 common,0.052782645185993404
P1,has_addr=True,0.053977339181601414
P2,country=India,0.09008129963767908
P2,country=US,0.061205670322427186
P2,mult=0,0.1428571428571428
P2,mult=1,0.15217991273930753
P2,mult=2,0.08585865813283844
P2,mult=3-5,0.05976667205159569
P2,mult=6+,0.050560118481203675
P2,name_freq_bin=no cands,0.11403690263984378
P2,name_freq_bin=q1 rare,0.08370222455130882
P2,name_freq_bin=q2,0.06535507532213602
P2,name_freq_bin=q3,0.06441609535539983
P2,name_freq_bin=q4,0.07629116474631625
P2,name_freq_bin=q5 common,0.07418417390283472
P2,has_addr=True,0.0727923053414653
P2-hpo-lgbm,country=India,0.0908255504478992
P2-hpo-lgbm,country=US,0.061428124386768146
P2-hpo-lgbm,mult=0,0.14232342999466285
P2-hpo-lgbm,mult=1,0.1528355074091592
P2-hpo-lgbm,mult=2,0.0865341661482304
P2-hpo-lgbm,mult=3-5,0.06016373139057807
P2-hpo-lgbm,mult=6+,0.051186284568522034
P2-hpo-lgbm,name_freq_bin=no cands,0.11403690263984378
P2-hpo-lgbm,name_freq_bin=q1 rare,0.08522139778288773
P2-hpo-lgbm,name_freq_bin=q2,0.06556015437759166
P2-hpo-lgbm,name_freq_bin=q3,0.06430082152501115
P2-hpo-lgbm,name_freq_bin=q4,0.07632657863093906
P2-hpo-lgbm,name_freq_bin=q5 common,0.07469903489350327
P2-hpo-lgbm,has_addr=True,0.07322413556805751
P2-hpo-xgb,country=India,0.09094046198730432
P2-hpo-xgb,country=US,0.06138261317279914
P2-hpo-xgb,mult=0,0.14712684575698265
P2-hpo-xgb,mult=1,0.1531011683593715
P2-hpo-xgb,mult=2,0.08592088297901024
P2-hpo-xgb,mult=3-5,0.05993403290510779
P2-hpo-xgb,mult=6+,0.050988883531658646
P2-hpo-xgb,name_freq_bin=no cands,0.11403690263984378
P2-hpo-xgb,name_freq_bin=q1 rare,0.08493451576992506
P2-hpo-xgb,name_freq_bin=q2,0.0658082011628709
P2-hpo-xgb,name_freq_bin=q3,0.06425685018493066
P2-hpo-xgb,name_freq_bin=q4,0.07652540600180924
P2-hpo-xgb,name_freq_bin=q5 common,0.07467731670721045
P2-hpo-xgb,has_addr=True,0.07324299558810765
P3-cat,country=India,0.08908374992748913
P3-cat,country=US,0.060458210268170776
P3-cat,mult=0,0.14196762141967612
P3-cat,mult=1,0.15086583982486468
P3-cat,mult=2,0.08501300995677696
P3-cat,mult=3-5,0.05885732384423892
P3-cat,mult=6+,0.05027933193060741
P3-cat,name_freq_bin=no cands,0.08724669937905216
P3-cat,name_freq_bin=q1 rare,0.08338908676031853
P3-cat,name_freq_bin=q2,0.06476067813135866
P3-cat,name_freq_bin=q3,0.06339665081616175
P3-cat,name_freq_bin=q4,0.0752613180244126
P3-cat,name_freq_bin=q5 common,0.0729097195224826
P3-cat,has_addr=True,0.07194449431186878
P3-xgb,country=India,0.08984628044616227
P3-xgb,country=US,0.06097017256198056
P3-xgb,mult=0,0.14356876000711616
P3-xgb,mult=1,0.15056315749573623
P3-xgb,mult=2,0.08582385479508725
P3-xgb,mult=3-5,0.05949431308900743
P3-xgb,mult=6+,0.05041319583484838
P3-xgb,name_freq_bin=no cands,0.10610039470333588
P3-xgb,name_freq_bin=q1 rare,0.0837607121813112
P3-xgb,name_freq_bin=q2,0.06497683790884501
P3-xgb,name_freq_bin=q3,0.06415746981545756
P3-xgb,name_freq_bin=q4,0.0759261746070472
P3-xgb,name_freq_bin=q5 common,0.07395332002608246
P3-xgb,has_addr=True,0.07255699961158735
P4,country=India,0.09094208216109001
P4,country=US,0.061333552178471695
P4,mult=0,0.1430350471446361
P4,mult=1,0.1519964801784467
P4,mult=2,0.08619464142134914
P4,mult=3-5,0.0602047867383404
P4,mult=6+,0.051431639940463625
P4,name_freq_bin=no cands,0.11403690263984378
P4,name_freq_bin=q1 rare,0.08488772435510583
P4,name_freq_bin=q2,0.06530732273101358
P4,name_freq_bin=q3,0.064104805125621
P4,name_freq_bin=q4,0.07651205300280883
P4,name_freq_bin=q5 common,0.07524674648398588
P4,has_addr=True,0.07321427091929711
P4-C,country=India,0.09094907779563355
P4-C,country=US,0.0613861757953742
P4-C,mult=0,0.14036648283223618
P4-C,mult=1,0.1517798399988094
P4-C,mult=2,0.08799356399095959
P4-C,mult=3-5,0.060201480984424904
P4-C,mult=6+,0.050501325513520934
P4-C,name_freq_bin=no cands,0.11403690263984378
P4-C,name_freq_bin=q1 rare,0.08433783493809865
P4-C,name_freq_bin=q2,0.06570339318145846
P4-C,name_freq_bin=q3,0.0644199255248673
P4-C,name_freq_bin=q4,0.07693411457325405
P4-C,name_freq_bin=q5 common,0.07483498248033227
P4-C,has_addr=True,0.07324858585199834
P4-E1,country=India,0.08942617308586831
P4-E1,country=US,0.061058665884579644
P4-E1,mult=0,0.14712684575698265
P4-E1,mult=1,0.14542769692141178
P4-E1,mult=2,0.08545601498720956
P4-E1,mult=3-5,0.059549045682073753
P4-E1,mult=6+,0.05033327822744316
P4-E1,name_freq_bin=no cands,0.11403690263984378
P4-E1,name_freq_bin=q1 rare,0.08323601710271777
P4-E1,name_freq_bin=q2,0.0653581044777547
P4-E1,name_freq_bin=q3,0.06392497960006827
P4-E1,name_freq_bin=q4,0.0754079235029047
P4-E1,name_freq_bin=q5 common,0.07426712932328683
P4-E1,has_addr=True,0.07244141182416874
P5-Bwide,country=India,0.09555645849170313
P5-Bwide,country=US,0.062490726747353786
P5-Bwide,mult=0,0.14783846290695601
P5-Bwide,mult=1,0.15527994162156422
P5-Bwide,mult=2,0.08866053050378853
P5-Bwide,mult=3-5,0.0625417711089502
P5-Bwide,mult=6+,0.053732200630121296
P5-Bwide,name_freq_bin=no cands,0.11403690263984378
P5-Bwide,name_freq_bin=q1 rare,0.08540585508790854
P5-Bwide,name_freq_bin=q2,0.06580676386761541
P5-Bwide,name_freq_bin=q3,0.0650098387125575
P5-Bwide,name_freq_bin=q4,0.08026396893717436
P5-Bwide,name_freq_bin=q5 common,0.08229496322083629
P5-Bwide,has_addr=True,0.07575868226709137
P6,country=India,0.09130124349404367
P6,country=US,0.06180646295823777
P6,mult=0,0.15068493150684925
P6,mult=1,0.15003974217121085
P6,mult=2,0.08665157238615273
P6,mult=3-5,0.060267349184204844
P6,mult=6+,0.05132497681613368
P6,name_freq_bin=no cands,0.11403690263984378
P6,name_freq_bin=q1 rare,0.08489838194191368
P6,name_freq_bin=q2,0.0658388577172705
P6,name_freq_bin=q3,0.06498803232764938
P6,name_freq_bin=q4,0.07683590556304631
P6,name_freq_bin=q5 common,0.0756339635181742
P6,has_addr=True,0.07364153859603528
P8,country=India,0.09099492766323314
P8,country=US,0.061427824741855264
P8,mult=0,0.14605942003202277
P8,mult=1,0.15151259773341708
P8,mult=2,0.08639288969583758
P8,mult=3-5,0.06010047316282652
P8,mult=6+,0.051112060120175884
P8,name_freq_bin=no cands,0.11403690263984378
P8,name_freq_bin=q1 rare,0.0849832036498297
P8,name_freq_bin=q2,0.06549250245029725
P8,name_freq_bin=q3,0.06447036013570928
P8,name_freq_bin=q4,0.0765245921081642
P8,name_freq_bin=q5 common,0.07497627875050583
P8,has_addr=True,0.07329192046008726
