pipeline,parent,delta,lo,hi,p_le_0,admitted
P0,P-rule,0.21301645084605306,0.21085862760693377,0.21505119068445055,0.0,True
P0-lr,P0,-0.08808203941811982,-0.08940698075178219,-0.08674845544962875,1.0,False
P1,P0,0.053977339181601476,0.052903217592383735,0.05504391315845147,0.0,True
P2,P1,0.018814966159863708,0.018165621676722535,0.01946427955071109,0.0,True
P2-hpo-lgbm,P2,0.0004318302265924023,0.00013218843160634167,0.0007250931277604275,0.004,False
P2-hpo-xgb,P3-xgb,0.0006859959765201934,0.0003911655890191524,0.0009880189946156357,0.0,False
P3-cat,P2,-0.0008478110295963771,-0.0011789492532216848,-0.00047759607174501704,1.0,False
P3-xgb,P2,-0.0002353057298778653,-0.0005255161201982297,5.930903373560788e-05,0.942,False
P4,P2-hpo-lgbm,-9.864648760445079e-06,-0.00019751984996707546,0.00017974381262723637,0.561,False
P4-C,P4,3.431493270114216e-05,-0.00020852615619475738,0.0003156409904818495,0.362,False
P4-E1,P4,-0.0007728590951283866,-0.0011112433491022964,-0.00041407186735129014,1.0,False
P5-Bwide,P4,0.0025444113477942295,0.0022357192235689916,0.0028835412679590294,0.0,True
P6,P4,0.00042726767673813515,0.00015386034101184807,0.0007044904271306942,0.002,False
P8,P4,7.764954079020014e-05,-7.754109835529543e-05,0.00024635715675273953,0.137,False
