name,macro_f05,wall_s,cands_per_s1_mean
P-rule,0.6810775005382382,15.031359672546387,26.74434
P0,0.8940939513842913,386.4984087944031,26.74434
P0-lr,0.8060119119661715,52.03264284133911,26.74434
P1,0.9480712905658927,405.1338052749634,26.74434
P2,0.9668862567257566,310.7688410282135,26.74434
P2-hpo-lgbm,0.9673180869523488,1053.7683548927307,26.74434
P2-hpo-xgb,0.9673369469723987,495.5389142036438,26.74434
P3-cat,0.9660384456961602,1157.5865631103516,26.74434
P3-xgb,0.9666509509958786,194.21352100372314,26.74434
P4,0.9673082223035884,1086.1486411094666,26.74434
P4-C,0.9673425372362896,1125.0043106079102,26.74434
P4-E1,0.96653536320846,996.7702009677887,26.74434
P5-Bwide,0.9698526336513826,1444.731380701065,41.85416
P6,0.9677354899803267,1065.224930524826,26.74434
P8,0.9673858718443787,1128.8421232700348,26.74434
