pipeline,fold,macro_f05,rank_in_fold
P5-Bwide,0,0.9712982663701651,1.0
P5-Bwide,1,0.9695309483416107,1.0
P5-Bwide,2,0.9697598215166116,1.0
P5-Bwide,3,0.9694884497718051,1.0
P5-Bwide,4,0.969185391922105,1.0
P6,0,0.968613614464622,6.0
P6,1,0.967438596364288,2.0
P6,2,0.9681233805195041,2.0
P6,3,0.9678115645803053,2.0
P6,4,0.9666900957577564,2.0
P8,0,0.9686987025159955,5.0
P8,1,0.9668056228803503,4.0
P8,2,0.9675194968450666,5.0
P8,3,0.9675998738912807,3.0
P8,4,0.9663054045116667,3.0
P4-C,0,0.968796766639479,4.0
P4-C,1,0.9667717103498886,5.0
P4-C,2,0.9674463296042491,6.0
P4-C,3,0.9675277499690776,4.0
P4-C,4,0.9661698372059395,4.0
P2-hpo-xgb,0,0.9692224750793407,2.0
P2-hpo-xgb,1,0.9670827236941542,3.0
P2-hpo-xgb,2,0.9675728858631711,4.0
P2-hpo-xgb,3,0.9671561437950238,5.0
P2-hpo-xgb,4,0.9656500703813791,6.0
P2-hpo-lgbm,0,0.9691320144453694,3.0
P2-hpo-lgbm,1,0.966677116851392,6.0
P2-hpo-lgbm,2,0.967637498154013,3.0
P2-hpo-lgbm,3,0.9670308663744654,6.0
P2-hpo-lgbm,4,0.9661125799547169,5.0
