bin,p_mean,frac_pos,n,method,nll,brier
0,0.0005653515267324839,0.0006050291278308684,3817998,beta,0.009416823598949294,0.0025021907505273894
0,0.0005653515267324839,0.0006050291278308684,3817998,isotonic,0.009439406969973141,0.0025064805987177795
0,0.0005653515267324839,0.0006050291278308684,3817998,none,0.009946339398066962,0.0026366803728450827
0,0.0005653515267324839,0.0006050291278308684,3817998,platt,0.009427918402075077,0.0025035262450789847
1,0.06421077224741908,0.06668889629876626,14995,beta,0.009416823598949294,0.0025021907505273894
1,0.06421077224741908,0.06668889629876626,14995,isotonic,0.009439406969973141,0.0025064805987177795
1,0.06421077224741908,0.06668889629876626,14995,none,0.009946339398066962,0.0026366803728450827
1,0.06421077224741908,0.06668889629876626,14995,platt,0.009427918402075077,0.0025035262450789847
2,0.12079765166100132,0.12299566119600075,5301,beta,0.009416823598949294,0.0025021907505273894
2,0.12079765166100132,0.12299566119600075,5301,isotonic,0.009439406969973141,0.0025064805987177795
2,0.12079765166100132,0.12299566119600075,5301,none,0.009946339398066962,0.0026366803728450827
2,0.12079765166100132,0.12299566119600075,5301,platt,0.009427918402075077,0.0025035262450789847
3,0.17821081913622264,0.1818791946308725,4470,beta,0.009416823598949294,0.0025021907505273894
3,0.17821081913622264,0.1818791946308725,4470,isotonic,0.009439406969973141,0.0025064805987177795
3,0.17821081913622264,0.1818791946308725,4470,none,0.009946339398066962,0.0026366803728450827
3,0.17821081913622264,0.1818791946308725,4470,platt,0.009427918402075077,0.0025035262450789847
4,0.23004433926589968,0.23809523809523808,2247,beta,0.009416823598949294,0.0025021907505273894
4,0.23004433926589968,0.23809523809523808,2247,isotonic,0.009439406969973141,0.0025064805987177795
4,0.23004433926589968,0.23809523809523808,2247,none,0.009946339398066962,0.0026366803728450827
4,0.23004433926589968,0.23809523809523808,2247,platt,0.009427918402075077,0.0025035262450789847
5,0.27410559313870225,0.29359895493141736,3062,beta,0.009416823598949294,0.0025021907505273894
5,0.27410559313870225,0.29359895493141736,3062,isotonic,0.009439406969973141,0.0025064805987177795
5,0.27410559313870225,0.29359895493141736,3062,none,0.009946339398066962,0.0026366803728450827
5,0.27410559313870225,0.29359895493141736,3062,platt,0.009427918402075077,0.0025035262450789847
6,0.33603940732999377,0.3392226148409894,1415,beta,0.009416823598949294,0.0025021907505273894
6,0.33603940732999377,0.3392226148409894,1415,isotonic,0.009439406969973141,0.0025064805987177795
6,0.33603940732999377,0.3392226148409894,1415,none,0.009946339398066962,0.0026366803728450827
6,0.33603940732999377,0.3392226148409894,1415,platt,0.009427918402075077,0.0025035262450789847
7,0.3745390084260281,0.3674851820491109,1181,beta,0.009416823598949294,0.0025021907505273894
7,0.3745390084260281,0.3674851820491109,1181,isotonic,0.009439406969973141,0.0025064805987177795
7,0.3745390084260281,0.3674851820491109,1181,none,0.009946339398066962,0.0026366803728450827
7,0.3745390084260281,0.3674851820491109,1181,platt,0.009427918402075077,0.0025035262450789847
8,0.43029840566669436,0.4240231548480463,1382,beta,0.009416823598949294,0.0025021907505273894
8,0.43029840566669436,0.4240231548480463,1382,isotonic,0.009439406969973141,0.0025064805987177795
8,0.43029840566669436,0.4240231548480463,1382,none,0.009946339398066962,0.0026366803728450827
8,0.43029840566669436,0.4240231548480463,1382,platt,0.009427918402075077,0.0025035262450789847
9,0.47667592141174253,0.4584920030464585,1313,beta,0.009416823598949294,0.0025021907505273894
9,0.47667592141174253,0.4584920030464585,1313,isotonic,0.009439406969973141,0.0025064805987177795
9,0.47667592141174253,0.4584920030464585,1313,none,0.009946339398066962,0.0026366803728450827
9,0.47667592141174253,0.4584920030464585,1313,platt,0.009427918402075077,0.0025035262450789847
10,0.5162647188555248,0.5018427518427518,1628,beta,0.009416823598949294,0.0025021907505273894
10,0.5162647188555248,0.5018427518427518,1628,isotonic,0.009439406969973141,0.0025064805987177795
10,0.5162647188555248,0.5018427518427518,1628,none,0.009946339398066962,0.0026366803728450827
10,0.5162647188555248,0.5018427518427518,1628,platt,0.009427918402075077,0.0025035262450789847
11,0.5665448445086789,0.5702422145328719,1445,beta,0.009416823598949294,0.0025021907505273894
11,0.5665448445086789,0.5702422145328719,1445,isotonic,0.009439406969973141,0.0025064805987177795
11,0.5665448445086789,0.5702422145328719,1445,none,0.009946339398066962,0.0026366803728450827
11,0.5665448445086789,0.5702422145328719,1445,platt,0.009427918402075077,0.0025035262450789847
12,0.6157609465208178,0.6247058823529412,850,beta,0.009416823598949294,0.0025021907505273894
12,0.6157609465208178,0.6247058823529412,850,isotonic,0.009439406969973141,0.0025064805987177795
12,0.6157609465208178,0.6247058823529412,850,none,0.009946339398066962,0.0026366803728450827
12,0.6157609465208178,0.6247058823529412,850,platt,0.009427918402075077,0.0025035262450789847
13,0.6686631124463537,0.6412754650132861,2258,beta,0.009416823598949294,0.0025021907505273894
13,0.6686631124463537,0.6412754650132861,2258,isotonic,0.009439406969973141,0.0025064805987177795
13,0.6686631124463537,0.6412754650132861,2258,none,0.009946339398066962,0.0026366803728450827
13,0.6686631124463537,0.6412754650132861,2258,platt,0.009427918402075077,0.0025035262450789847
14,0.7184233382023261,0.740909090909091,1980,beta,0.009416823598949294,0.0025021907505273894
14,0.7184233382023261,0.740909090909091,1980,isotonic,0.009439406969973141,0.0025064805987177795
14,0.7184233382023261,0.740909090909091,1980,none,0.009946339398066962,0.0026366803728450827
14,0.7184233382023261,0.740909090909091,1980,platt,0.009427918402075077,0.0025035262450789847
15,0.7815073093473202,0.7926565874730022,1852,beta,0.009416823598949294,0.0025021907505273894
15,0.7815073093473202,0.7926565874730022,1852,isotonic,0.009439406969973141,0.0025064805987177795
15,0.7815073093473202,0.7926565874730022,1852,none,0.009946339398066962,0.0026366803728450827
15,0.7815073093473202,0.7926565874730022,1852,platt,0.009427918402075077,0.0025035262450789847
16,0.8235803397904815,0.8282514001244555,1607,beta,0.009416823598949294,0.0025021907505273894
16,0.8235803397904815,0.8282514001244555,1607,isotonic,0.009439406969973141,0.0025064805987177795
16,0.8235803397904815,0.8282514001244555,1607,none,0.009946339398066962,0.0026366803728450827
16,0.8235803397904815,0.8282514001244555,1607,platt,0.009427918402075077,0.0025035262450789847
17,0.8760631207145301,0.8693379790940766,2870,beta,0.009416823598949294,0.0025021907505273894
17,0.8760631207145301,0.8693379790940766,2870,isotonic,0.009439406969973141,0.0025064805987177795
17,0.8760631207145301,0.8693379790940766,2870,none,0.009946339398066962,0.0026366803728450827
17,0.8760631207145301,0.8693379790940766,2870,platt,0.009427918402075077,0.0025035262450789847
18,0.9343814780184089,0.9266759776536313,7160,beta,0.009416823598949294,0.0025021907505273894
18,0.9343814780184089,0.9266759776536313,7160,isotonic,0.009439406969973141,0.0025064805987177795
18,0.9343814780184089,0.9266759776536313,7160,none,0.009946339398066962,0.0026366803728450827
18,0.9343814780184089,0.9266759776536313,7160,platt,0.009427918402075077,0.0025035262450789847
19,0.998175504804233,0.9981636716258272,310402,beta,0.009416823598949294,0.0025021907505273894
19,0.998175504804233,0.9981636716258272,310402,isotonic,0.009439406969973141,0.0025064805987177795
19,0.998175504804233,0.9981636716258272,310402,none,0.009946339398066962,0.0026366803728450827
19,0.998175504804233,0.9981636716258272,310402,platt,0.009427918402075077,0.0025035262450789847
