tau,macro_f05,singleton_gated,non_singleton_gated
0.0,0.9699123322384171,0.0,0.0
0.049999999999999996,0.9699077163991608,0.7068137342109945,0.0026382987740916942
0.09999999999999999,0.9699239989050839,0.7934531222202456,0.003549518431006898
0.15,0.9699239989050839,0.837573385518591,0.004079297301306435
0.19999999999999998,0.9698644155717507,0.863013698630137,0.004492524820140073
0.24999999999999997,0.9698444155717507,0.8832947874043764,0.004990516958221639
0.3,0.9698394155717509,0.9000177904287493,0.005287193125589379
0.35,0.9698127489050843,0.911759473403309,0.0056050604477691016
0.39999999999999997,0.9697733838257192,0.9219000177904287,0.005816971995888916
0.44999999999999996,0.9697590981114335,0.9329300836150152,0.006071265853632693
0.49999999999999994,0.9696795147781003,0.9400462551147483,0.006410324330624397
0.5499999999999999,0.9695607052542909,0.9466287137520014,0.006707000497992138
0.6,0.9695268957304815,0.9524995552392813,0.007014272242765869
0.6499999999999999,0.9694876100161959,0.9571250667141078,0.007204992636073703
0.7,0.9694842766828627,0.9629959082013877,0.007416904184193517
0.7499999999999999,0.9692999116034977,0.9669098025262409,0.007702984774155267
0.7999999999999999,0.9691436478672341,0.9706457925636007,0.008010256518928999
0.85,0.9689424141010006,0.9749154954634407,0.008381101728138675
0.8999999999999999,0.9688195669705559,0.9786514855008006,0.008720160205130379
0.95,0.9683202172230817,0.9822095712506671,0.00959959312982761
