slice,error_type,share
country=India,blocking_miss,0.11904999252355082
country=India,matcher_fn,0.11212181627872203
country=India,matcher_fp,0.02639186562328665
country=India,singleton_fp,0.0019937197826845436
country=US,blocking_miss,0.044844172762801886
country=US,matcher_fn,0.09974279319905134
country=US,matcher_fp,0.019624544877576245
country=US,singleton_fp,0.0016033670708487824
mult=0,blocking_miss,0.0
mult=0,matcher_fn,0.0
mult=0,matcher_fp,0.0
mult=0,singleton_fp,0.03131115459882583
mult=1,blocking_miss,0.027937095282146163
mult=1,matcher_fn,0.04014801110083256
mult=1,matcher_fp,0.02830712303422757
mult=1,singleton_fp,0.0
mult=2,blocking_miss,0.05522670770687818
mult=2,matcher_fn,0.06120516159583284
mult=2,matcher_fp,0.02758375754705813
mult=2,singleton_fp,0.0
mult=3-5,blocking_miss,0.08441654722483072
mult=3-5,matcher_fn,0.11393927412313218
mult=3-5,matcher_fp,0.02314700406925979
mult=3-5,singleton_fp,0.0
mult=6+,blocking_miss,0.11018363939899833
mult=6+,matcher_fn,0.20244266760390123
mult=6+,matcher_fp,0.018451805640980583
mult=6+,singleton_fp,0.0
name_freq_bin=no cands,blocking_miss,0.0
name_freq_bin=no cands,matcher_fn,0.3333333333333333
name_freq_bin=no cands,matcher_fp,0.0
name_freq_bin=no cands,singleton_fp,0.0
name_freq_bin=q1 rare,blocking_miss,0.05255262763138157
name_freq_bin=q1 rare,matcher_fn,0.06695334766738337
name_freq_bin=q1 rare,matcher_fp,0.0184009200460023
name_freq_bin=q1 rare,singleton_fp,0.002600130006500325
name_freq_bin=q2,blocking_miss,0.043152157607880395
name_freq_bin=q2,matcher_fn,0.07265363268163408
name_freq_bin=q2,matcher_fp,0.024351217560878043
name_freq_bin=q2,singleton_fp,0.0018500925046252312
name_freq_bin=q3,blocking_miss,0.0409040904090409
name_freq_bin=q3,matcher_fn,0.10526052605260526
name_freq_bin=q3,matcher_fp,0.03305330533053305
name_freq_bin=q3,singleton_fp,0.0015001500150015
name_freq_bin=q4,blocking_miss,0.07265363268163408
name_freq_bin=q4,matcher_fn,0.1503575178758938
name_freq_bin=q4,matcher_fp,0.020851042552127608
name_freq_bin=q4,singleton_fp,0.0012500625031251563
name_freq_bin=q5 common,blocking_miss,0.16385819290964548
name_freq_bin=q5 common,matcher_fn,0.12825641282064104
name_freq_bin=q5 common,matcher_fp,0.015050752537626881
name_freq_bin=q5 common,singleton_fp,0.0016000800040002
