pipeline,singleton_fp,blocking_miss,matcher_fn,matcher_fp,achieved
P-rule,0.02853,0.013824450235520635,0.14579640232546215,0.13077164690077897,0.6810775005382382
P0-lr,0.02753,0.013824450235520635,0.09375842574164565,0.05887521205666224,0.8060119119661715
P0,0.01007,0.013824450235520635,0.05745812082174164,0.02455347755844643,0.8940939513842913
P1,0.00441,0.013824450235520635,0.022915248730192742,0.010779010468393852,0.9480712905658927
P3-cat,0.00209,0.013824450235520635,0.013109638051726493,0.004937466016592775,0.9660384456961602
P4-E1,0.0018,0.013824450235520635,0.012944798516495402,0.0048953880395239185,0.96653536320846
P3-xgb,0.002,0.013824450235520635,0.012736484295652694,0.00478811447294806,0.9666509509958786
P2,0.00204,0.013824450235520635,0.012420159218289876,0.004829133820433016,0.9668862567257566
P4,0.00203,0.013824450235520635,0.011462656800540063,0.005374670660350871,0.9673082223035884
P2-hpo-lgbm,0.00207,0.013824450235520635,0.011756074805968778,0.005031388006161709,0.9673180869523488
P2-hpo-xgb,0.0018,0.013824450235520635,0.012155699244693133,0.004882903547387429,0.9673369469723987
P4-C,0.00218,0.013824450235520635,0.01224536737289941,0.004407645155290382,0.9673425372362896
P8,0.00186,0.013824450235520635,0.011906407599947842,0.005023270320152892,0.9673858718443787
P6,0.0016,0.013824450235520635,0.012079373083670075,0.004760686700482723,0.9677354899803267
P5-Bwide,0.00176,0.011102586954953513,0.012288974065139145,0.004995805328524678,0.9698526336513826
