min_child_weight,eta,colsample_bytree,gamma,max_depth,pos_weight,value
5.0,0.08,0.8,0.0,8,1.0,0.9637762538131013
78.82965546640571,0.022432474615925603,0.983560668342936,2.267246237086561,10,6.8353098639687015,0.9619550103775344
4.861174204765462,0.011265570622143612,0.9142365655523194,1.8642701393740375,10,2.8327848221755256,0.9638504800833859
152.71939001583158,0.033830034970044005,0.5916348198282187,4.588861930002937,4,6.598214350339874,0.9592224908842697
52.22718476324874,0.01030087681090652,0.44543046770336003,3.282276672984789,11,17.507761654978026,0.9630786349270055
3.321891943855666,0.03459593894651872,0.4818150110555428,1.1819008007641014,12,17.6849098452259,0.9642170188391738
2.495023623338989,0.019192366638043076,0.7102368257716672,1.6135295318151974,10,2.057454781926688,0.9642539804055549
1.9752031616188077,0.03295802242623352,0.8613457302715877,1.3850587313897615,10,13.213126649954173,0.9634026392195597
1.8612106461586355,0.021026947137716058,0.6503910469221461,1.1446224825796325,11,2.0262108212458405,0.963803187657139
2.6028779164445357,0.03230868400444668,0.5628159945407492,2.2248052457606495,12,2.2958778064216867,0.9633118477470398
3.667510144184374,0.03240607224672979,0.433966878455155,1.0926262608744113,12,13.237063789105965,0.9643502567767746
3.0882637138874296,0.017825233913448084,0.7446674618054419,2.368539540623263,12,6.240797612965238,0.9637863733393921
3.1280789718923816,0.015366120573216456,0.6665637944577172,1.5968608866381326,11,6.005332265018077,0.964131926555683
3.674336815482848,0.02894385321621675,0.4020871910364981,0.7007538561741383,9,19.49126928370669,0.9643961939981356
1.9452323812693613,0.0608265225815944,0.4651912833717829,1.0058998628829068,8,17.742189076945323,0.964453950742335
1.0336911467315235,0.05578387638597371,0.4422435753517289,1.4806010326739907,9,9.925469905247528,0.9643048054052522
3.0547241899443995,0.0821909290070885,0.4554321119747783,0.43972120715392293,6,16.877410774619147,0.9637652470744126
1.9395582533746272,0.03887444374225601,0.45358239141174594,0.8451943382851063,9,10.336079005847681,0.9645975445537583
2.910721963874029,0.053534864138137385,0.4612107255405853,0.40724804422858807,9,13.856708634526173,0.9641017507950291
2.976794403667119,0.04644172594249052,0.40155427486530687,0.5163839354553224,8,8.761468798754485,0.9650661562632977
