param,value,objective
min_child_weight,5.0,0.9637762538131013
min_child_weight,78.82965546640571,0.9619550103775344
min_child_weight,4.861174204765462,0.9638504800833859
min_child_weight,152.71939001583158,0.9592224908842697
min_child_weight,52.22718476324874,0.9630786349270055
min_child_weight,3.321891943855666,0.9642170188391738
min_child_weight,2.495023623338989,0.9642539804055549
min_child_weight,1.9752031616188077,0.9634026392195597
min_child_weight,1.8612106461586355,0.963803187657139
min_child_weight,2.6028779164445357,0.9633118477470398
min_child_weight,3.667510144184374,0.9643502567767746
min_child_weight,3.0882637138874296,0.9637863733393921
min_child_weight,3.1280789718923816,0.964131926555683
min_child_weight,3.674336815482848,0.9643961939981356
min_child_weight,1.9452323812693613,0.964453950742335
min_child_weight,1.0336911467315235,0.9643048054052522
min_child_weight,3.0547241899443995,0.9637652470744126
min_child_weight,1.9395582533746272,0.9645975445537583
min_child_weight,2.910721963874029,0.9641017507950291
min_child_weight,2.976794403667119,0.9650661562632977
eta,0.08,0.9637762538131013
eta,0.022432474615925603,0.9619550103775344
eta,0.011265570622143612,0.9638504800833859
eta,0.033830034970044005,0.9592224908842697
eta,0.01030087681090652,0.9630786349270055
eta,0.03459593894651872,0.9642170188391738
eta,0.019192366638043076,0.9642539804055549
eta,0.03295802242623352,0.9634026392195597
eta,0.021026947137716058,0.963803187657139
eta,0.03230868400444668,0.9633118477470398
eta,0.03240607224672979,0.9643502567767746
eta,0.017825233913448084,0.9637863733393921
eta,0.015366120573216456,0.964131926555683
eta,0.02894385321621675,0.9643961939981356
eta,0.0608265225815944,0.964453950742335
eta,0.05578387638597371,0.9643048054052522
eta,0.0821909290070885,0.9637652470744126
eta,0.03887444374225601,0.9645975445537583
eta,0.053534864138137385,0.9641017507950291
eta,0.04644172594249052,0.9650661562632977
colsample_bytree,0.8,0.9637762538131013
colsample_bytree,0.983560668342936,0.9619550103775344
colsample_bytree,0.9142365655523194,0.9638504800833859
colsample_bytree,0.5916348198282187,0.9592224908842697
colsample_bytree,0.44543046770336003,0.9630786349270055
colsample_bytree,0.4818150110555428,0.9642170188391738
colsample_bytree,0.7102368257716672,0.9642539804055549
colsample_bytree,0.8613457302715877,0.9634026392195597
colsample_bytree,0.6503910469221461,0.963803187657139
colsample_bytree,0.5628159945407492,0.9633118477470398
colsample_bytree,0.433966878455155,0.9643502567767746
colsample_bytree,0.7446674618054419,0.9637863733393921
colsample_bytree,0.6665637944577172,0.964131926555683
colsample_bytree,0.4020871910364981,0.9643961939981356
colsample_bytree,0.4651912833717829,0.964453950742335
colsample_bytree,0.4422435753517289,0.9643048054052522
colsample_bytree,0.4554321119747783,0.9637652470744126
colsample_bytree,0.45358239141174594,0.9645975445537583
colsample_bytree,0.4612107255405853,0.9641017507950291
colsample_bytree,0.40155427486530687,0.9650661562632977
gamma,0.0,0.9637762538131013
gamma,2.267246237086561,0.9619550103775344
gamma,1.8642701393740375,0.9638504800833859
gamma,4.588861930002937,0.9592224908842697
gamma,3.282276672984789,0.9630786349270055
gamma,1.1819008007641014,0.9642170188391738
gamma,1.6135295318151974,0.9642539804055549
gamma,1.3850587313897615,0.9634026392195597
gamma,1.1446224825796325,0.963803187657139
gamma,2.2248052457606495,0.9633118477470398
gamma,1.0926262608744113,0.9643502567767746
gamma,2.368539540623263,0.9637863733393921
gamma,1.5968608866381326,0.964131926555683
gamma,0.7007538561741383,0.9643961939981356
gamma,1.0058998628829068,0.964453950742335
gamma,1.4806010326739907,0.9643048054052522
gamma,0.43972120715392293,0.9637652470744126
gamma,0.8451943382851063,0.9645975445537583
gamma,0.40724804422858807,0.9641017507950291
gamma,0.5163839354553224,0.9650661562632977
max_depth,8.0,0.9637762538131013
max_depth,10.0,0.9619550103775344
max_depth,10.0,0.9638504800833859
max_depth,4.0,0.9592224908842697
max_depth,11.0,0.9630786349270055
max_depth,12.0,0.9642170188391738
max_depth,10.0,0.9642539804055549
max_depth,10.0,0.9634026392195597
max_depth,11.0,0.963803187657139
max_depth,12.0,0.9633118477470398
max_depth,12.0,0.9643502567767746
max_depth,12.0,0.9637863733393921
max_depth,11.0,0.964131926555683
max_depth,9.0,0.9643961939981356
max_depth,8.0,0.964453950742335
max_depth,9.0,0.9643048054052522
max_depth,6.0,0.9637652470744126
max_depth,9.0,0.9645975445537583
max_depth,9.0,0.9641017507950291
max_depth,8.0,0.9650661562632977
pos_weight,1.0,0.9637762538131013
pos_weight,6.8353098639687015,0.9619550103775344
pos_weight,2.8327848221755256,0.9638504800833859
pos_weight,6.598214350339874,0.9592224908842697
pos_weight,17.507761654978026,0.9630786349270055
pos_weight,17.6849098452259,0.9642170188391738
pos_weight,2.057454781926688,0.9642539804055549
pos_weight,13.213126649954173,0.9634026392195597
pos_weight,2.0262108212458405,0.963803187657139
pos_weight,2.2958778064216867,0.9633118477470398
pos_weight,13.237063789105965,0.9643502567767746
pos_weight,6.240797612965238,0.9637863733393921
pos_weight,6.005332265018077,0.964131926555683
pos_weight,19.49126928370669,0.9643961939981356
pos_weight,17.742189076945323,0.964453950742335
pos_weight,9.925469905247528,0.9643048054052522
pos_weight,16.877410774619147,0.9637652470744126
pos_weight,10.336079005847681,0.9645975445537583
pos_weight,13.856708634526173,0.9641017507950291
pos_weight,8.761468798754485,0.9650661562632977
