method,param,importance
fANOVA,min_child_weight,0.4282144170775952
fANOVA,gamma,0.1305716328448407
fANOVA,max_depth,0.12155014007191074
fANOVA,colsample_bytree,0.11714755608590295
fANOVA,reg_lambda,0.05489992449254567
fANOVA,subsample,0.052713505291374294
fANOVA,pos_weight,0.039862998656861964
fANOVA,alpha,0.029279828132946172
fANOVA,eta,0.02575999734602246
PED-ANOVA,eta,0.2938273256567153
PED-ANOVA,pos_weight,0.17990029373858007
PED-ANOVA,colsample_bytree,0.17375970137170094
PED-ANOVA,gamma,0.13299587075832472
PED-ANOVA,max_depth,0.10142507966013295
PED-ANOVA,min_child_weight,0.04391548358994482
PED-ANOVA,reg_lambda,0.03200109263693247
PED-ANOVA,alpha,0.026832297628531485
PED-ANOVA,subsample,0.015342854959137285
