sampler,cands_per_s1,ceiling_f05
NSGA-II,26.73738,0.9860278103234877
NSGA-II,57.6525,0.9899070853003746
NSGA-II,18.49404,0.9752442949273847
NSGA-II,15.00694,0.9787548657600028
NSGA-II,34.27566,0.9822128075598302
NSGA-II,14.6207,0.9598053761204509
NSGA-II,48.66246,0.9878380847300887
NSGA-II,27.0878,0.981483961879215
NSGA-II,46.38858,0.9884437845757736
NSGA-II,43.53604,0.9863372239046749
NSGA-II,28.59844,0.9844179665287738
NSGA-II,38.47388,0.9852195056440088
NSGA-II,31.29874,0.9853171808390689
NSGA-II,30.88662,0.9856271820563439
NSGA-II,31.70166,0.9825539626210804
NSGA-II,41.28178,0.9880033785793808
NSGA-II,38.54328,0.9873102593117946
NSGA-II,28.74746,0.9842380281155382
NSGA-II,45.78302,0.9879622532562461
NSGA-II,27.47428,0.9807152477056236
NSGA-II,34.56344,0.9876391332070095
NSGA-II,18.2347,0.9677439108265673
NSGA-II,50.73272,0.9891836964166992
NSGA-II,35.4145,0.9866441028683438
NSGA-II,27.82684,0.985361296713076
NSGA-II,27.85328,0.9861853465923038
NSGA-II,47.0673,0.9884374128498121
NSGA-II,34.7181,0.9875277724263651
NSGA-II,36.78728,0.9858567930446137
NSGA-II,29.47026,0.98039141939556
NSGA-II,13.7168,0.977803350154331
NSGA-II,32.03854,0.9806649716717335
NSGA-II,14.20572,0.9804755505160924
NSGA-II,27.0571,0.9846968419410825
NSGA-II,41.71694,0.9868935815047272
NSGA-II,28.21304,0.9842041812038322
NSGA-II,9.05292,0.971640406395432
NSGA-II,27.5382,0.986063578380203
NSGA-II,19.34178,0.9836336437960312
NSGA-II,17.01214,0.9806555641761159
NSGA-II,39.4914,0.9873199141161818
NSGA-II,26.63218,0.9702339605446704
NSGA-II,11.80682,0.9782428163169155
NSGA-II,20.85014,0.9820372939182949
NSGA-II,14.08084,0.9786855803333087
NSGA-II,24.17,0.982477869671635
NSGA-II,50.93442,0.9893431356586476
NSGA-II,21.71682,0.9836520076494532
NSGA-II,17.4778,0.9790166432802012
NSGA-II,28.89112,0.9827987245018063
NSGA-II,36.10868,0.9860274832302847
NSGA-II,34.57644,0.9860965483751032
NSGA-II,29.15918,0.9860455423757493
NSGA-II,19.729,0.9840522125939012
NSGA-II,13.69478,0.9756423259818329
NSGA-II,21.5101,0.9823794923653436
NSGA-II,39.24516,0.9826378086858539
NSGA-II,43.4859,0.987773471738993
NSGA-II,21.2859,0.98300714363957
NSGA-II,45.64078,0.9876059508606561
NSGA-II,16.32522,0.9812549378801388
NSGA-II,23.14996,0.9842834882606523
NSGA-II,29.47026,0.98039141939556
NSGA-II,25.75004,0.9858309398051104
NSGA-II,11.8078,0.9782448996502487
NSGA-II,52.36948,0.9884522939112177
NSGA-II,19.965,0.9606374654405881
NSGA-II,18.92654,0.9806557860886864
NSGA-II,35.34592,0.9871752418872607
NSGA-II,22.63716,0.9783053644197661
NSGA-II,41.91024,0.9886881206904582
NSGA-II,37.67908,0.9877535251271484
NSGA-II,15.00694,0.9787548657600028
NSGA-II,27.4047,0.985527770078047
NSGA-II,13.57534,0.9792671119948221
NSGA-II,42.25206,0.9881566746923013
NSGA-II,21.6461,0.9836228734503192
NSGA-II,16.20598,0.9814716034292539
NSGA-II,15.86616,0.9762149896114409
NSGA-II,23.14702,0.9751687582993298
random,57.6525,0.9899070853003746
random,18.49404,0.9752442949273847
random,15.00694,0.9787548657600028
random,34.27566,0.9822128075598302
random,14.6207,0.9598053761204509
random,48.66246,0.9878380847300887
random,27.0878,0.981483961879215
random,46.38858,0.9884437845757736
random,43.53604,0.9863372239046749
random,28.59844,0.9844179665287738
random,38.47388,0.9852195056440088
random,31.29874,0.9853171808390689
random,30.88662,0.9856271820563439
random,31.70166,0.9825539626210804
random,41.28178,0.9880033785793808
random,38.54328,0.9873102593117946
random,28.74746,0.9842380281155382
random,45.78302,0.9879622532562461
random,27.47428,0.9807152477056236
random,34.56344,0.9876391332070095
random,18.2347,0.9677439108265673
random,50.73272,0.9891836964166992
random,35.4145,0.9866441028683438
random,27.82684,0.985361296713076
random,27.85328,0.9861853465923038
random,47.0673,0.9884374128498121
random,34.7181,0.9875277724263651
random,36.78728,0.9858567930446137
random,29.47026,0.98039141939556
random,13.7168,0.977803350154331
random,32.03854,0.9806649716717335
random,14.20572,0.9804755505160924
random,27.0571,0.9846968419410825
random,41.71694,0.9868935815047272
random,28.21304,0.9842041812038322
random,9.05292,0.971640406395432
random,27.5382,0.986063578380203
random,19.34178,0.9836336437960312
random,17.01214,0.9806555641761159
random,39.4914,0.9873199141161818
random,26.63218,0.9702339605446704
random,11.80682,0.9782428163169155
random,20.85014,0.9820372939182949
random,14.08084,0.9786855803333087
random,24.17,0.982477869671635
random,50.93442,0.9893431356586476
random,21.71682,0.9836520076494532
random,17.4778,0.9790166432802012
random,28.89112,0.9827987245018063
random,36.10868,0.9860274832302847
random,31.6356,0.9860286091796978
random,18.26692,0.9842609183406498
random,33.04086,0.9829996384050003
random,16.92116,0.9821831208765305
random,25.94838,0.9834062998636128
random,37.9783,0.9855474472915817
random,9.9947,0.9646222256080262
random,21.52416,0.984432579327407
random,61.52808,0.990048675156803
random,42.13272,0.9879820939381257
random,18.16102,0.9808933336921584
random,34.3631,0.9867096903393028
random,32.06584,0.9858108110938572
random,49.5071,0.988089669691445
random,33.68162,0.9815040814079321
random,46.74378,0.9879828705042303
random,32.35724,0.9869242327732578
random,33.49174,0.9841298689741246
random,41.74652,0.9884386644530989
random,25.62226,0.9846225051947398
random,44.89006,0.9882368158106266
random,39.94816,0.9882637423629811
random,39.97056,0.9865231667122005
random,37.71172,0.9848890223284238
random,30.47932,0.9855880180007088
random,12.43794,0.9774479537635024
random,12.9197,0.9806676512322056
random,21.74948,0.9845866244232501
random,19.44658,0.9809144426090983
random,45.69436,0.9888017608068393
