trial,step,value,state
0,0,0.9633038188153779,COMPLETE
0,1,0.9643247037827924,COMPLETE
0,2,0.9639080171014157,COMPLETE
1,0,0.9635652587266188,COMPLETE
1,1,0.9632471324247985,COMPLETE
1,2,0.962763813337674,COMPLETE
2,0,0.9624131636162464,COMPLETE
2,1,0.9625089400378048,COMPLETE
2,2,0.9622231728869902,COMPLETE
3,0,0.9646888070173694,COMPLETE
3,1,0.9651329869186731,COMPLETE
3,2,0.9647654100003251,COMPLETE
4,0,0.9641347301905283,COMPLETE
4,1,0.9636195689889978,COMPLETE
4,2,0.9630355074421834,COMPLETE
5,0,0.9647144918224196,FAIL
5,1,0.9643020476114856,FAIL
6,0,0.9647679838994739,COMPLETE
6,1,0.9646969711194138,COMPLETE
6,2,0.9643024134256967,COMPLETE
7,0,0.9642119806570443,COMPLETE
7,1,0.964425858975657,COMPLETE
7,2,0.9637191944803837,COMPLETE
8,0,0.9640650971524779,PRUNED
9,0,0.9642308492684166,PRUNED
9,1,0.9642229968451895,PRUNED
10,0,0.9651741226372839,COMPLETE
10,1,0.9648281872409625,COMPLETE
10,2,0.9645014753714508,COMPLETE
11,0,0.9641374451898458,PRUNED
12,0,0.9662855010225183,COMPLETE
12,1,0.9659091718507393,COMPLETE
12,2,0.9652360325489501,COMPLETE
13,0,0.9651476887886417,COMPLETE
13,1,0.9653641610945336,COMPLETE
13,2,0.9648685166694575,COMPLETE
14,0,0.9646957538205613,COMPLETE
14,1,0.9649140189274501,COMPLETE
14,2,0.9646180156323649,COMPLETE
15,0,0.9653603328419487,COMPLETE
15,1,0.9651116467807295,COMPLETE
15,2,0.9641775276405697,COMPLETE
16,0,0.9652636601220054,COMPLETE
16,1,0.9652426490281169,COMPLETE
16,2,0.964870212174764,COMPLETE
17,0,0.9650244424985273,COMPLETE
17,1,0.9651048746257462,COMPLETE
17,2,0.9647728923226745,COMPLETE
18,0,0.964758504940465,COMPLETE
18,1,0.9650653014391668,COMPLETE
18,2,0.9649960072563606,COMPLETE
19,0,0.964644598473329,PRUNED
20,0,0.9656516764569935,COMPLETE
20,1,0.9653772989619274,COMPLETE
20,2,0.9648993847440092,COMPLETE
21,0,0.9655474291669912,COMPLETE
21,1,0.9656171884896569,COMPLETE
21,2,0.9650718388115527,COMPLETE
22,0,0.9640526211956442,PRUNED
23,0,0.9655799602025401,COMPLETE
23,1,0.965675688996489,COMPLETE
23,2,0.9652980823862946,COMPLETE
24,0,0.9653911207574372,COMPLETE
24,1,0.965404233532849,COMPLETE
24,2,0.964767802617719,COMPLETE
25,0,0.9646053202065152,PRUNED
26,0,0.9651466273376667,COMPLETE
26,1,0.9652975636345444,COMPLETE
26,2,0.9650101962422876,COMPLETE
27,0,0.9644620433366248,PRUNED
28,0,0.964688236408243,PRUNED
29,0,0.9658641518760066,COMPLETE
29,1,0.9656381320817555,COMPLETE
29,2,0.9650939585119197,COMPLETE
30,0,0.9656431277935037,COMPLETE
30,1,0.965329471155546,COMPLETE
30,2,0.9650448874356304,COMPLETE
