sampler,value
TPE,0.9622231728869902
TPE,0.962763813337674
TPE,0.9630355074421834
TPE,0.9637191944803837
TPE,0.9639080171014157
TPE,0.9641775276405697
TPE,0.9643024134256967
TPE,0.9645014753714508
TPE,0.9646180156323649
TPE,0.9647654100003251
TPE,0.964767802617719
TPE,0.9647728923226745
TPE,0.9648685166694575
TPE,0.964870212174764
TPE,0.9648993847440092
TPE,0.9649960072563606
TPE,0.9650101962422876
TPE,0.9650448874356304
TPE,0.9650718388115527
TPE,0.9650939585119197
TPE,0.9652360325489501
TPE,0.9652980823862946
random,0.9632440998379543
random,0.9637169444983145
random,0.9637372606323428
random,0.9637539939586723
random,0.9640899025253357
random,0.9641869346213943
random,0.9643024134256967
random,0.9644160890272833
random,0.9645317728133902
random,0.9646011515897298
