sampler,trial,value,best_so_far
TPE (Bayesian),0,0.9637762538131013,0.9637762538131013
TPE (Bayesian),1,0.9619550103775344,0.9637762538131013
TPE (Bayesian),2,0.9638504800833859,0.9638504800833859
TPE (Bayesian),3,0.9592224908842697,0.9638504800833859
TPE (Bayesian),4,0.9630786349270055,0.9638504800833859
TPE (Bayesian),9,0.9642170188391738,0.9642170188391738
TPE (Bayesian),11,0.9642539804055549,0.9642539804055549
TPE (Bayesian),12,0.9634026392195597,0.9642539804055549
TPE (Bayesian),13,0.963803187657139,0.9642539804055549
TPE (Bayesian),14,0.9633118477470398,0.9642539804055549
TPE (Bayesian),15,0.9643502567767746,0.9643502567767746
TPE (Bayesian),18,0.9637863733393921,0.9643502567767746
TPE (Bayesian),20,0.964131926555683,0.9643502567767746
TPE (Bayesian),21,0.9643961939981356,0.9643961939981356
TPE (Bayesian),23,0.964453950742335,0.964453950742335
TPE (Bayesian),24,0.9643048054052522,0.964453950742335
TPE (Bayesian),25,0.9637652470744126,0.964453950742335
TPE (Bayesian),26,0.9645975445537583,0.9645975445537583
TPE (Bayesian),27,0.9641017507950291,0.9645975445537583
TPE (Bayesian),28,0.9650661562632977,0.9650661562632977
