lambda_l2,num_leaves,learning_rate,bagging_fraction,pos_weight,feature_fraction,value
1.0,63,0.05,0.8,1.0,0.8,0.9639080171014157
1.2650452445984415,29,0.11814384360640491,0.7267246237086561,2.4450723462755475,0.983560668342936,0.962763813337674
0.0010905638066174234,17,0.13033528154291243,0.6281399746633151,2.6033811022742124,0.8079087709468582,0.9622231728869902
0.968966913859217,202,0.011002911682628973,0.9369067216397693,4.5979622144824095,0.7778973994646938,0.9647654100003251
0.012822875497162177,57,0.17507761654978027,0.8561163389557918,3.9444221494353786,0.5481872205951498,0.9630355074421834
0.2730045285159789,135,0.0203726841670057,0.9863005569524467,1.1106662339147448,0.9794495188257999,0.9643024134256967
0.024565457719952503,34,0.011915890593512416,0.8399239757890484,1.9208486508427525,0.6237124167248845,0.9637191944803837
0.5550604925816145,54,0.021337870204033015,0.886189379840279,2.0867948763280153,0.7627232971790266,0.9645014753714508
0.7906019737098527,114,0.012523243260967305,0.8722961162246082,6.046233736380834,0.7362040828640037,0.9652360325489501
2.7891123186184386,105,0.013832666236548623,0.8507764081899549,4.304550927240932,0.7582713843439871,0.9648685166694575
1.6603134560498654,220,0.022805982333226588,0.943640510342221,8.60448176530357,0.6814494930379025,0.9646180156323649
4.209887795310672,93,0.014210228493858286,0.8327975241574745,12.862280687298304,0.7056782405533248,0.9641775276405697
9.415153808877356,114,0.013342326786820192,0.9980902207113191,2.229352349907324,0.7914090144854384,0.964870212174764
0.16705758810931587,102,0.01146076524659909,0.9780055589733804,1.3518137244702182,0.7311701574517713,0.9647728923226745
0.5719300712074713,231,0.01511078875068702,0.9345195095538793,4.444989406878504,0.8542249778541723,0.9649960072563606
0.1643752608277281,242,0.013286999005194658,0.8574273171280055,4.643633569914239,0.8674821590628933,0.9648993847440092
0.38285383109161103,215,0.016166493179847485,0.9226135431227325,4.675195263326762,0.6608867445847441,0.9650718388115527
0.6128878712319171,235,0.02091636537087284,0.9177304481669769,6.705382026000773,0.748841125794843,0.9652980823862946
0.24043073737568302,247,0.03742318149467172,0.8571510615664523,5.09737579633814,0.7670346488488581,0.964767802617719
0.09865123844718442,175,0.010129893530962863,0.9559965816051369,3.8757810294851236,0.5862289166395169,0.9650101962422876
0.5616953884161435,184,0.021334978547891917,0.8860942036749457,4.917391908533507,0.8126185200357817,0.9650939585119197
0.19238544700652357,206,0.04916182903183221,0.9557712023243125,7.471559510181975,0.7336505489975386,0.9650448874356304
