name,parent,kind,description,macro_f05,ceiling_f05,n_entities,singleton_rate,singleton_accuracy,fp_per_1000_singletons,affected_per_1000_singletons,macro_f05_non_singleton,pair_precision,pair_recall,entity_precision,entity_recall,candidate_pair_recall,candidate_macro_recall,any_match_coverage,all_match_coverage,cands_per_s1_mean,cands_per_s1_p95,cands_per_s1_max,zero_candidate_rate,pred_per_s1_mean,macro_f05_lo,macro_f05_hi,wall_s,peak_rss_gb
P-empty,,empty,predict no match for anyone (= singleton rate),0.05621,0.9861755497644795,100000,0.05621,1.0,0.0,0.0,0.0,,0.0,1.0,0.05621,0.9608266243764064,0.961461588501502,0.9958253425020397,0.8894669365007046,26.74434,32.0,40,0.0,0.0,0.05467975,0.05756025,14.795981645584106,10.631160736083984
P-oracle,,oracle,perfect matcher on B0 candidates (= blocking ceiling),0.9861755497644795,0.9861755497644795,100000,0.05621,1.0,0.0,0.0,0.9853521967434276,1.0,0.9608266243764064,1.0,0.9636278326118326,0.9608266243764064,0.961461588501502,0.9958253425020397,0.8894669365007046,26.74434,32.0,40,0.0,3.32618,0.9857512200581818,0.9866021385898808,8.065087795257568,10.631160736083984
P-rule,,rule,blocking score above a tuned global threshold,0.6810775005382382,0.9861755497644795,100000,0.05621,0.4924390677815335,1508.6283579434264,507.56093221846646,0.6923123793833779,0.6581511380813635,0.694267994303525,0.7833525358297102,0.6832485335497837,0.9608266243764064,0.961461588501502,0.9958253425020397,0.8894669365007046,26.74434,32.0,40,0.0,3.65176,0.6791540041965878,0.6832655321409401,15.031359672546387,10.631160736083984
P0,P-rule,model,LightGBM on name similarity + retrieval scores,0.8940939513842913,0.9861755497644795,100000,0.05621,0.8208503824942182,208.85963351716777,179.1496175057819,0.8984561728607967,0.9568816065514054,0.8195240034779695,0.9558336388888888,0.8223873228715728,0.9608266243764064,0.961461588501502,0.9958253425020397,0.8894669365007046,26.74434,32.0,40,0.0,2.96486,0.8929428218306744,0.8953592099306593,386.4984087944031,10.631160736083984
P0-lr,P0,model,P0 with logistic regression (sanity),0.8060119119661715,0.9861755497644795,100000,0.05621,0.5102294965308664,688.4895925991816,489.7705034691336,0.8236280443384348,0.8930574383605948,0.7497855155858675,0.8869415992063492,0.7431150245310244,0.9608266243764064,0.961461588501502,0.9958253425020397,0.8894669365007046,26.74434,32.0,40,0.0,2.90642,0.8044733263365369,0.8075828719111481,52.03264284133911,10.631160736083984
P1,P0,model,+ rarity and numeric conflicts,0.9480712905658927,0.9861755497644795,100000,0.05621,0.9215442092154421,85.57196228429105,78.4557907845579,0.9496511835958134,0.9821098340686321,0.89898289613177,0.9815692229437228,0.9021921933621934,0.9608266243764064,0.961461588501502,0.9958253425020397,0.8894669365007046,26.74434,32.0,40,0.0,3.16878,0.9472725652317358,0.9489564949871712,405.1338052749634,10.631160736083984
P2,P1,model,full engineered feature set,0.9668862567257566,0.9861755497644795,100000,0.05621,0.963707525351361,38.42732609855898,36.29247464863903,0.9670755747843868,0.9922099805172078,0.9253420918079953,0.9918787352092352,0.9285825901875904,0.9608266243764064,0.961461588501502,0.9958253425020397,0.8894669365007046,26.74434,32.0,40,0.0,3.22849,0.9662462946380189,0.9675343037467401,310.7688410282135,10.631160736083984
P2-hpo-lgbm,P2,model,"P2 features, lgbm with Optuna-tuned hyperparameters",0.9673180869523488,0.9861755497644795,100000,0.05621,0.963173812488881,39.85056039850561,36.82618751111902,0.9675649105758154,0.9919566903464834,0.9273237255870518,0.9915682575757575,0.9303717489177489,0.9608266243764064,0.961461588501502,0.9958253425020397,0.8894669365007046,26.74434,32.0,40,0.0,3.23623,0.966669300241705,0.9679471247799005,1053.7683548927307,10.631160736083984
P2-hpo-xgb,P3-xgb,model,"P2 features, xgb with Optuna-tuned hyperparameters",0.9673369469723987,0.9861755497644795,100000,0.05621,0.9679772282512008,34.51343177370575,32.022771748799144,0.9672988132660854,0.9922408192308882,0.9264628992515432,0.9920680670995671,0.9297875465367964,0.9608266243764064,0.961461588501502,0.9958253425020397,0.8894669365007046,26.74434,32.0,40,0.0,3.2323,0.9667180690782301,0.9679817804628074,495.5389142036438,10.631160736083984
P3-cat,P2,model,P2 with CatBoost,0.9660384456961602,0.9861755497644795,100000,0.05621,0.9628180039138943,39.67265611101227,37.18199608610568,0.9662302479324428,0.9920496755634582,0.9234788938670456,0.9916633849206349,0.9268156774891774,0.9608266243764064,0.961461588501502,0.9958253425020397,0.8894669365007046,26.74434,32.0,40,0.0,3.22251,0.9653887344279718,0.9667078715484361,1157.5865631103516,10.631160736083984
P3-xgb,P2,model,P2 with XGBoost,0.9666509509958786,0.9861755497644795,100000,0.05621,0.9644191425013343,37.89361323607899,35.580857498665715,0.9667838724672636,0.9923134643052042,0.9244725994355522,0.9919244296536799,0.9278404512987012,0.9608266243764064,0.961461588501502,0.9958253425020397,0.8894669365007046,26.74434,32.0,40,0.0,3.22512,0.9659741901318389,0.9673133447106073,194.21352100372314,10.631160736083984
P4,P2-hpo-lgbm,model,+ singleton-weighted negatives and singleton gate (policy B),0.9673082223035884,0.9861755497644795,100000,0.05621,0.9638854296388543,38.96103896103896,36.1145703611457,0.967512076101239,0.9913990100689251,0.9286409632011184,0.9912206266233766,0.9314472687590187,0.9608266243764064,0.961461588501502,0.9958253425020397,0.8894669365007046,26.74434,32.0,40,0.0,3.24265,0.9666603600942384,0.9679637973467666,1086.1486411094666,10.631160736083984
P4-C,P4,model,"P4 with ambiguity/conflict-adjusted threshold (policy C, Bayesian-optimised)",0.9673425372362896,0.9861755497644795,100000,0.05621,0.9612168653264543,41.45169898594556,38.78313467354563,0.9677073684148907,0.9930339428504051,0.9244697107565739,0.9922168134920635,0.9282437608225108,0.9608266243764064,0.961461588501502,0.9958253425020397,0.8894669365007046,26.74434,32.0,40,0.0,3.22277,0.9667292050032325,0.967984718068589,1125.0043106079102,10.631160736083984
P4-E1,P4,model,P4 with capped hard negatives (E1),0.96653536320846,0.9861755497644795,100000,0.05621,0.9679772282512008,34.691336061199074,32.022771748799144,0.9664494889842656,0.9920181698183947,0.924830795628851,0.9919324336219336,0.9279710346320347,0.9608266243764064,0.961461588501502,0.9958253425020397,0.8894669365007046,26.74434,32.0,40,0.0,3.22733,0.9658523981092286,0.9671870785310883,996.7702009677887,10.631160736083984
P5-Bwide,P4,model,P4 on blocking config Bwide,0.9698526336513826,0.9888974130450465,100000,0.05621,0.9686888454011742,33.80181462373243,31.31115459882583,0.9699219462501008,0.9920843517028777,0.9333495099356114,0.9920199880952381,0.9357608167388168,0.9681667576600544,0.9683011598548953,0.9968213267782028,0.907278102120175,41.85416,57.0,65,0.0,3.25684,0.9692135897331737,0.9704672249645747,1444.731380701065,10.631160736083984
P6,P4,model,P4 + frozen multilingual-E5 similarity,0.9677354899803267,0.9861755497644795,100000,0.05621,0.9715353140010674,30.777441736345846,28.464685998932573,0.9675091810469771,0.9923758761095326,0.9272110671069014,0.9923810115440114,0.9304394552669554,0.9608266243764064,0.961461588501502,0.9958253425020397,0.8894669365007046,26.74434,32.0,40,0.0,3.23447,0.9670720917384381,0.968390948951692,1065.224930524826,10.631160736083984
P8,P4,model,P4 + unique assignment of external records (graph H1),0.9673858718443787,0.9861755497644795,100000,0.05621,0.9669098025262409,35.936666073652376,33.09019747375912,0.9674142254573354,0.9919239229837613,0.9274334953882241,0.9917943290043291,0.9305177449494949,0.9608266243764064,0.961461588501502,0.9958253425020397,0.8894669365007046,26.74434,32.0,40,0.0,3.23672,0.9667337065008617,0.9680364504694299,1128.8421232700348,10.631160736083984
