kind,bin_lo,density
true match,0.0,0.17531977359999285
true match,0.025,0.10037027202014566
true match,0.05,0.07781381374213431
true match,0.07500000000000001,0.041532526353163735
true match,0.1,0.04487422387583208
true match,0.125,0.03293958986630224
true match,0.15000000000000002,0.04535160923621327
true match,0.17500000000000002,0.051676965261264064
true match,0.2,0.03413305326725525
true match,0.225,0.02971723868372922
true match,0.25,0.04594834093668971
true match,0.275,0.061344018808983145
true match,0.30000000000000004,0.013008751070387504
true match,0.325,0.04427749217535554
true match,0.35000000000000003,0.029597892343633955
true match,0.375,0.022198419257725418
true match,0.4,0.019811492455819462
true match,0.42500000000000004,0.050125462840025246
true match,0.45,0.028285082602585613
true match,0.47500000000000003,0.04356141413478385
true match,0.5,0.06802741385431982
true match,0.525,0.02947854600353859
true match,0.55,0.07208518941755995
true match,0.5750000000000001,0.02625619482096555
true match,0.6000000000000001,0.048573960418786484
true match,0.625,0.014798946171816945
true match,0.65,0.10729235974567286
true match,0.675,0.06552114071231857
true match,0.7000000000000001,0.1162433352528202
true match,0.7250000000000001,0.05883774566698215
true match,0.75,0.04869330675888156
true match,0.775,0.12650712050101584
true match,0.8,0.07852989178270606
true match,0.8250000000000001,0.08032008688413551
true match,0.8500000000000001,0.12722319854158817
true match,0.875,0.17054591999618077
true match,0.9,0.1624303688697005
true match,0.925,0.6294325976626014
true match,0.9500000000000001,0.551976822940753
true match,0.9750000000000001,36.42533842146576
neg: hard (name ≥ 0.8),0.0,38.54021889407938
neg: hard (name ≥ 0.8),0.025,0.6271228076586536
neg: hard (name ≥ 0.8),0.05,0.27618577777236386
neg: hard (name ≥ 0.8),0.07500000000000001,0.07649720748649423
neg: hard (name ≥ 0.8),0.1,0.07113753052884178
neg: hard (name ≥ 0.8),0.125,0.03845162180982482
neg: hard (name ≥ 0.8),0.15000000000000002,0.03849222542314041
neg: hard (name ≥ 0.8),0.17500000000000002,0.04450156019384166
neg: hard (name ≥ 0.8),0.2,0.022453798163498573
neg: hard (name ≥ 0.8),0.225,0.01603842725964184
neg: hard (name ≥ 0.8),0.25,0.02350949210970282
neg: hard (name ≥ 0.8),0.275,0.026757781174946735
neg: hard (name ≥ 0.8),0.30000000000000004,0.0058063167041235075
neg: hard (name ≥ 0.8),0.325,0.0169317067525839
neg: hard (name ≥ 0.8),0.35000000000000003,0.010435128622096095
neg: hard (name ≥ 0.8),0.375,0.006658992583750022
neg: hard (name ≥ 0.8),0.4,0.006212352837278984
neg: hard (name ≥ 0.8),0.42500000000000004,0.013399192394131173
neg: hard (name ≥ 0.8),0.45,0.006780803423696668
neg: hard (name ≥ 0.8),0.47500000000000003,0.01104418282182933
neg: hard (name ≥ 0.8),0.5,0.014170661047126571
neg: hard (name ≥ 0.8),0.525,0.005034848051128065
neg: hard (name ≥ 0.8),0.55,0.011409615341669246
neg: hard (name ≥ 0.8),0.5750000000000001,0.0032482890652439133
neg: hard (name ≥ 0.8),0.6000000000000001,0.005725109477492422
neg: hard (name ≥ 0.8),0.625,0.001908369825830799
neg: hard (name ≥ 0.8),0.65,0.01315557071423785
neg: hard (name ≥ 0.8),0.675,0.006293560063910082
neg: hard (name ≥ 0.8),0.7000000000000001,0.008486155182949724
neg: hard (name ≥ 0.8),0.7250000000000001,0.002964063772035084
neg: hard (name ≥ 0.8),0.75,0.002355009572301837
neg: hard (name ≥ 0.8),0.775,0.007024425103589962
neg: hard (name ≥ 0.8),0.8,0.0027204420921417773
neg: hard (name ≥ 0.8),0.8250000000000001,0.0031670818386128155
neg: hard (name ≥ 0.8),0.8500000000000001,0.003979154104923811
neg: hard (name ≥ 0.8),0.875,0.0042633793981326365
neg: hard (name ≥ 0.8),0.9,0.0037761360383460492
neg: hard (name ≥ 0.8),0.925,0.008445551569634174
neg: hard (name ≥ 0.8),0.9500000000000001,0.003938550491608244
neg: hard (name ≥ 0.8),0.9750000000000001,0.009298227449260742
neg: singleton's candidate,0.0,39.37513970368059
neg: singleton's candidate,0.025,0.24798721263216494
neg: singleton's candidate,0.05,0.11269078778114704
neg: singleton's candidate,0.07500000000000001,0.032558865331978125
neg: singleton's candidate,0.1,0.03087187749094299
neg: singleton's candidate,0.125,0.015857685705730262
neg: singleton's candidate,0.15000000000000002,0.01821946868317947
neg: singleton's candidate,0.17500000000000002,0.024292624910905957
neg: singleton's candidate,0.2,0.012315011239556493
neg: singleton's candidate,0.225,0.00792884285286514
neg: singleton's candidate,0.25,0.01282110759186702
neg: singleton's candidate,0.275,0.011640216103142427
neg: singleton's candidate,0.30000000000000004,0.0023617829774491934
neg: singleton's candidate,0.325,0.00843493920517567
neg: singleton's candidate,0.35000000000000003,0.004386168386691359
neg: singleton's candidate,0.375,0.0025304817615527013
neg: singleton's candidate,0.4,0.0025304817615527013
neg: singleton's candidate,0.42500000000000004,0.006579252580037038
neg: singleton's candidate,0.45,0.003542674466173782
neg: singleton's candidate,0.47500000000000003,0.003036578113863248
neg: singleton's candidate,0.5,0.005735758659519457
neg: singleton's candidate,0.525,0.003880072034380809
neg: singleton's candidate,0.55,0.005735758659519457
neg: singleton's candidate,0.5750000000000001,0.0018556866251386477
neg: singleton's candidate,0.6000000000000001,0.004554867170794883
neg: singleton's candidate,0.625,0.0010121927046210805
neg: singleton's candidate,0.65,0.0067479513641405375
neg: singleton's candidate,0.675,0.002361782977449188
neg: singleton's candidate,0.7000000000000001,0.004217469602587835
neg: singleton's candidate,0.7250000000000001,0.0013495902728281133
neg: singleton's candidate,0.75,0.0013495902728281074
neg: singleton's candidate,0.775,0.002361782977449188
neg: singleton's candidate,0.8,0.0015182890569316208
neg: singleton's candidate,0.8250000000000001,0.0016869878410351344
neg: singleton's candidate,0.8500000000000001,0.002193084193345684
neg: singleton's candidate,0.875,0.002699180545656215
neg: singleton's candidate,0.9,0.002024385409242161
neg: singleton's candidate,0.925,0.005735758659519457
neg: singleton's candidate,0.9500000000000001,0.0015182890569316208
neg: singleton's candidate,0.9750000000000001,0.005735758659519482
neg: other,0.0,39.724263264959774
neg: other,0.025,0.09570725270108911
neg: other,0.05,0.050243263544258114
neg: other,0.07500000000000001,0.01745805007127055
neg: other,0.1,0.016727460355995063
neg: other,0.125,0.008736635345169386
neg: other,0.15000000000000002,0.00984774053715087
neg: other,0.17500000000000002,0.010867522014722908
neg: other,0.2,0.005799055864999198
neg: other,0.225,0.004003022814946953
neg: other,0.25,0.005646849674316798
neg: other,0.275,0.006225233198909894
neg: other,0.30000000000000004,0.0011415464301179539
neg: other,0.325,0.003592066100104486
neg: other,0.35000000000000003,0.002617946479737174
neg: other,0.375,0.0017199299547110466
neg: other,0.4,0.001308973239868584
neg: other,0.42500000000000004,0.002633167098805413
neg: other,0.45,0.0015372825258921743
neg: other,0.47500000000000003,0.0020091217170075987
neg: other,0.5,0.0030897856708525877
neg: other,0.525,0.0011872082873226693
neg: other,0.55,0.0024352990509182958
neg: other,0.5750000000000001,0.0008371340487531643
neg: other,0.6000000000000001,0.0010350020966402803
neg: other,0.625,0.00045661857204718046
neg: other,0.65,0.0027701526704195616
neg: other,0.675,0.0014459588114827382
neg: other,0.7000000000000001,0.0022830928602359025
neg: other,0.7250000000000001,0.000730589715275492
neg: other,0.75,0.0006849278580707707
neg: other,0.775,0.001308973239868584
neg: other,0.8,0.0009893402394355578
neg: other,0.8250000000000001,0.0007153690962072494
neg: other,0.8500000000000001,0.0010045608585038015
neg: other,0.875,0.0011719876682544299
neg: other,0.9,0.0007001484771390101
neg: other,0.925,0.002009121717007594
neg: other,0.9500000000000001,0.0009436783822308396
neg: other,0.9750000000000001,0.002115666050485279
