feature,fold0,fold1,fold2,fold3,fold4,mean,family
rrf,0.4413955819529947,0.4419066287286525,0.4634909905535497,0.5027661223123534,0.4228046795547444,0.4544728006204589,RET
score_all,0.1179585797396726,0.1043697104779898,0.1019507018949479,0.0746030039771246,0.141113257659098,0.1079990507497666,RET
rr_all,0.0784748228315416,0.0757620582748628,0.0607161202242718,0.062698605199737,0.0588492837798769,0.067300178062058,RET
addr_char3_cos,0.0443874752340931,0.0492860167771471,0.0540204745261547,0.044508938573278,0.0443962591299069,0.047319832848116,ADDR
addr_tset,0.0502921295031412,0.0449896295533193,0.0436401329915615,0.0459833198268428,0.0418435510992782,0.0453497525948286,ADDR
name_ratio,0.0232867401903161,0.0196776437448501,0.0264843207594289,0.0271307268576529,0.0257126691424869,0.024458420138947,STR
addr_wjacc,0.0186388593908894,0.0258319125250813,0.0176332473791354,0.0247614437389132,0.0276573948008277,0.0229045715669694,ADDR
name_partial,0.0217454394549944,0.0254746968222445,0.0196101778575526,0.0174144935245768,0.0221657966299372,0.0212821208578611,STR
addr_num_jacc,0.0217512093050442,0.0211564314605795,0.0212560447476945,0.0205700093550502,0.0209304386242743,0.0211328266985286,NUM
name_miss_idf_max_r,0.0193618013545349,0.0173713842998507,0.0177948693378903,0.0186548875481618,0.0195234179750304,0.0185412721030936,RARE
score,0.0050869056959272,0.0120514325985324,0.0093476699620121,0.005716730601144,0.0221245227406958,0.0108654523196623,RET
name_norm_ratio,0.0092714607460983,0.0085835566367146,0.009263346960904,0.0086777412505335,0.0093248914762457,0.0090241994140992,STR
score_z,0.0069823538275342,0.0126471847010519,0.0153499038967835,0.0038081006017884,0.0023677069511142,0.0082310499956544,CTX
addr_shared_idf_max,0.0081800950234933,0.0064980356451184,0.0085271268842436,0.0070858089278778,0.0101395505437106,0.0080861234048887,ADDR
name_ntok_r,0.007751339698673,0.0079461360990101,0.0074410384341984,0.0076526058019492,0.0073590198461868,0.0076300279760035,RARE
addr_miss_idf_max_r,0.0073646023883841,0.007707701115249,0.0074904167401319,0.006868780717781,0.0076727467620628,0.0074208495447218,ADDR
house_absdiff,0.0071155122257096,0.0075151403592597,0.0068166717455486,0.0072492466980235,0.0072933215614234,0.0071979785179929,NUM
addr_tok_jacc,0.0086567616226372,0.0060342472186345,0.0055334828190362,0.0082985359917302,0.0059117839650932,0.0068869623234263,ADDR
street_ratio,0.0061089231066144,0.0062907955723548,0.0069452018599491,0.0063454453079787,0.0074519849248599,0.0066284701543514,ADDR
legal_eq,0.0058269839531172,0.0062893485538133,0.00611555280397,0.0065900426947099,0.0054986488325409,0.0060641153676302,LEGAL
name_lev,0.0063174061866463,0.0037180905998977,0.0040051369120179,0.0067925398643888,0.0047214127939592,0.005110917271382,STR
name_jaro,0.0045883621809594,0.0045364964518696,0.0057924247202954,0.0046542481450772,0.0046076488070031,0.0048358360610409,STR
name_freq_r,0.0047579808787215,0.0046459351936585,0.0046691234442494,0.0050638052859232,0.0047573144499549,0.0047788318505015,RARE
name_dl,0.0036148988565741,0.0066508059040844,0.0055448213004011,0.0032390475624364,0.0038715065376654,0.0045842160322323,STR
name_len_ratio,0.0045669405641423,0.0046912344560051,0.0043896991607556,0.0045955200502989,0.0040598955070275,0.0044606579476459,STR
name_jw,0.0043577528406926,0.0046291203467687,0.0037823062215885,0.0034966318979965,0.0043723999862073,0.0041276422586507,STR
score_addr,0.0041490106151554,0.0033614230458265,0.0040938119705674,0.0032576985449858,0.0036025808670489,0.0036929050087168,RET
name_char3_cos,0.0035085628002171,0.0035947811998315,0.0033523482260378,0.0045436223409815,0.0034288693480206,0.0036856367830177,STR
legal_state,0.0033645409913327,0.003617070481865,0.003698776980222,0.0035530654668068,0.0034091386510023,0.0035285185142458,LEGAL
addr_num_conflict,0.0039733421834148,0.0037584697830576,0.0029165218747557,0.0030794473590096,0.0027924485120831,0.0033040459424642,NUM
name_shared_idf_sum,0.0027045571730637,0.0033432086431378,0.0029912005097006,0.0026976282281712,0.0028670779834076,0.0029207345074962,RARE
n_passes,0.0014353361714728,0.0032659752935123,0.0020951974085797,0.0046309716641224,0.0031007252688455,0.0029056411613065,RET
n_name_hi,0.0028763239161615,0.0028498426116203,0.0028526455115372,0.0029968230641466,0.0028694082934918,0.0028890086793915,CTX
name_prefix,0.0026912608670005,0.0029667568449024,0.0031595739365945,0.0026937491411852,0.0028526009286197,0.0028727883436605,STR
name_miss_idf_max_l,0.0027692564779682,0.0025729144717684,0.0028470668732368,0.0026544052918178,0.0029048983832517,0.0027497082996086,RARE
name_freq_l,0.0022302539861709,0.0023647798265412,0.0025216268131961,0.0023654916402413,0.0026993203546611,0.0024362945241621,RARE
legal_conflict,0.0027387997376896,0.0021269236524552,0.0020009556957423,0.0020080780792244,0.002649507888276,0.0023048530106775,LEGAL
addr_partial,0.0026867711629632,0.0023504605428142,0.0017298411109044,0.0019543424502592,0.0022239214106264,0.0021890673355135,ADDR
name_shared_idf_max,0.0020612468722832,0.0021490613054313,0.0021451680962466,0.0020745590210991,0.0021091349219539,0.0021078340434028,RARE
rr_addr,0.0018884102080977,0.0017755477329274,0.0019776062107666,0.0019092815384027,0.0020764831662102,0.0019254657712809,RET
score_name,0.0019542253671395,0.0016528889672623,0.0021490473192254,0.0018765112940334,0.0016734065232769,0.0018612158941875,RET
name_wjacc,0.0018941928734787,0.0019825164243504,0.0018281080931888,0.0017503999539604,0.001690118104571,0.0018290670899099,RARE
conflict_count,0.0015182150209245,0.0016285997314486,0.001842457225602,0.0020001058692786,0.0021556613647959,0.0018290078424099,NUM
addr_miss_idf_max_l,0.0019051844188868,0.0016662171996721,0.0018154740586444,0.0016996411980559,0.0019902000260021,0.0018153433802523,ADDR
name_tset,0.0018493802434531,0.0018089524377537,0.0015054790161018,0.0015235607494534,0.0022188491239313,0.0017812443141386,STR
name_tsort,0.0012515339419116,0.0017455221041597,0.0016131796442227,0.0020009089072719,0.001197459952847,0.0015617209100826,STR
n_cand_ctx,0.0016574380844631,0.0015252895723184,0.0015750440872263,0.0014587312390325,0.0014061876374311,0.0015245381240943,CTX
addr_ratio,0.0011988710096847,0.0014423009549061,0.0013793816395447,0.0015750378941064,0.0016109780865211,0.0014413139169526,ADDR
name_tok_jacc,0.0014715104758323,0.0013596588609467,0.0014352578218979,0.0013766486373736,0.0013339292725852,0.0013954010137271,RARE
score_gap_best,0.0011949740430192,0.0012521878744025,0.0012854421849581,0.0013475345792858,0.0012301945352926,0.0012620666433916,CTX
wjacc_gap_best,0.0009334399225054,0.0011446854197511,0.0011716901364761,0.0011885607945592,0.000980297150482,0.0010837346847548,CTX
addr_ratio_gap_best,0.0008634498462166,0.000995729937694,0.0009435180793177,0.0009800102011739,0.0010081262547393,0.0009581668638283,CTX
score_rank,0.000904973255292,0.0009308700561655,0.0009878550515203,0.0009968915668643,0.0008434991177977,0.0009328178095279,CTX
name_tok_contain,0.0007648002982261,0.0008661916274661,0.0005949072662193,0.0006609556757715,0.0006805356088494,0.0007134780953065,RARE
score_top2_gap,0.0006794917912614,0.0006257287780228,0.0007000297225701,0.0006790392792156,0.0006732150334404,0.0006715009209021,CTX
name_ratio_rank,0.0006699108122571,0.0006525738218738,0.0006267618653307,0.0007082038062011,0.0006763769662756,0.0006667654543876,CTX
name_ratio_gap_best,0.0006028246970276,0.0004303772145424,0.0006304751943593,0.0005885161543206,0.0005054235422278,0.0005515233604956,CTX
name_ntok_l,0.0004786210709779,0.0005509232476155,0.0004834364098133,0.0005108628462709,0.0005223409131011,0.0005092368975557,RARE
house_eq,0.0003540409982879,0.0003598736464068,0.0004041729703366,0.0004721050963919,0.000556718968774,0.0004293823360394,NUM
name_num_state,0.0003803982475909,0.0003995757519833,0.000414184356622,0.0003914990021913,0.0003681672819765,0.0003907649280728,NUM
rr_name,0.0002289138379223,0.0002340117957295,0.000261626038218,0.0002354408931841,0.0002428648463454,0.0002405714822798,RET
is_s3,0.0001555755084939,0.0001724526345825,0.0001866115497852,0.0001706645766094,0.0001793358025245,0.0001729280143991,STR
house_conflict,0.0001083498554564,0.0001344291829363,0.0001046927744713,9.915448644619884e-05,8.504040969011229e-05,0.0001063333418,NUM
postcode_eq,2.1009342002390327e-05,2.4160216797811625e-05,2.641420184778371e-05,2.3222569832004847e-05,2.1603160988841856e-05,2.3281898293766472e-05,ADDR
region_eq,2.1035357930479083e-05,2.1445272238503847e-05,1.7655102879303248e-05,1.3323529036344818e-05,1.1907051095058368e-05,1.707326263593787e-05,ADDR
postcode_conflict,9.271625642031644e-06,1.2004124678481236e-05,8.719548357866866e-06,8.236224187011891e-06,6.10632477690765e-06,8.86756952845986e-06,ADDR
name_num_eq,3.3753395988544563e-06,9.799598519769925e-06,6.921683235937891e-06,3.635745586597061e-06,5.782708143174678e-06,5.903015016866802e-06,NUM
region_conflict,3.621411416816849e-06,7.1750119109055165e-06,3.440715144484805e-06,1.0869377744694874e-05,2.692068505251385e-06,5.559716944430686e-06,ADDR
name_num_jacc,1.836318794476916e-06,4.176005124391357e-06,3.428057759741634e-06,2.6307929172092933e-06,3.8285268752645615e-06,3.1799402942167524e-06,NUM
name_num_conflict,9.430681645497764e-07,9.170001578174514e-07,1.242828759908663e-06,1.5509158597308174e-06,1.9009617136055985e-06,1.3109549311224614e-06,NUM
addr_state,0.0,1.759762875419291e-07,0.0,0.0,3.2615710230523536e-08,4.1718399554490526e-08,ADDR
name_empty_l,0.0,0.0,0.0,0.0,0.0,0.0,STR
name_empty_r,0.0,0.0,0.0,0.0,0.0,0.0,STR
domain_conflict,0.0,0.0,0.0,0.0,0.0,0.0,TXT
phone_eq,0.0,0.0,0.0,0.0,0.0,0.0,TXT
phone_conflict,0.0,0.0,0.0,0.0,0.0,0.0,TXT
domain_eq,0.0,0.0,0.0,0.0,0.0,0.0,TXT
