latent,freq
0,0.012685117747025977
1,0.011562272396212672
2,0.01520393299344501
3,0.013990046127700898
4,0.00852755523185239
5,0.01153192522456907
6,0.013959698956057295
7,0.011228453508133042
8,0.010712551590191794
9,0.00937727603787327
10,0.011076717649915028
11,0.01056081573197378
12,0.008557902403495994
13,0.008254430687059966
14,0.00764748725418791
15,0.016205389657683904
16,0.013049283806749211
17,0.012199563000728332
18,0.009316581694586065
19,0.01110706482155863
20,0.007040543821315854
21,0.01119810633648944
22,0.013929351784413693
23,0.011987132799223112
24,0.007040543821315854
25,0.009862830784170915
26,0.009620053411022093
27,0.010773245933479
28,0.011774702597717892
29,0.008284777858703568
30,0.01043942704539937
31,0.01098567613498422
32,0.01110706482155863
33,0.013504491381403253
34,0.005917698470502549
35,0.008831026948288419
36,0.00819373634377276
37,0.010955328963340616
38,0.009862830784170915
39,0.013322408351541637
40,0.011896091284292304
41,0.008770332605001215
42,0.007829570284049526
43,0.006919155134741442
44,0.009741442097596503
45,0.00798130614226754
46,0.007617140082544307
47,0.006919155134741442
48,0.006979849478028648
49,0.009984219470745327
50,0.008800679776644817
51,0.011653313911143482
52,0.006767419276523428
53,0.009680747754309299
54,0.010742898761835398
55,0.008466860888565186
56,0.00980213644088371
57,0.008709638261714009
58,0.011380189366351056
59,0.010409079873755766
60,0.01056081573197378
61,0.008224083515416362
62,0.011501578052925468
63,0.006767419276523428
64,0.011016023306627822
65,0.011380189366351056
66,0.010773245933479
67,0.011896091284292304
68,0.009953872299101723
69,0.008982762806506433
70,0.012776159261956785
71,0.007890264627336732
72,0.00980213644088371
73,0.009923525127458121
74,0.006585336246661811
75,0.012958242291818403
76,0.01174435542607429
77,0.008679291090070405
78,0.010409079873755766
79,0.009984219470745327
80,0.009468317552804079
81,0.009468317552804079
82,0.007374362709395484
83,0.012594076232095169
84,0.008345472201990774
85,0.00852755523185239
86,0.010651857246904588
87,0.016569555717407137
88,0.012229910172371935
89,0.009832483612527313
90,0.010591162903617383
91,0.00798130614226754
92,0.009407623209516873
93,0.010924981791697014
94,0.008800679776644817
95,0.012958242291818403
96,0.009286234522942461
97,0.012472687545520757
98,0.01571983491138626
99,0.007283321194464676
100,0.01034838553046856
101,0.009650400582665695
102,0.01119810633648944
103,0.009620053411022093
104,0.009013109978150037
105,0.00798130614226754
106,0.010469774217042972
107,0.00980213644088371
108,0.008891721291575625
109,0.00980213644088371
110,0.011046370478271426
111,0.00916484583636805
112,0.008375819373634377
113,0.011774702597717892
114,0.009225540179655257
115,0.008800679776644817
116,0.01195678562757951
117,0.011076717649915028
118,0.007344015537751882
119,0.01056081573197378
120,0.010287691187181355
121,0.008102694828841952
122,0.01571983491138626
123,0.012594076232095169
124,0.008831026948288419
125,0.007374362709395484
126,0.013261714008254431
127,0.011076717649915028
128,0.009043457149793639
129,0.012138868657441126
130,0.011714008254430686
131,0.006949502306385045
132,0.009195193008011653
133,0.00916484583636805
134,0.007586792910900704
135,0.013140325321680019
136,0.011046370478271426
137,0.016448167030832725
138,0.007040543821315854
139,0.009953872299101723
140,0.011167759164845836
141,0.009195193008011653
142,0.016903374605486767
143,0.01444525370235494
144,0.011714008254430686
145,0.008679291090070405
146,0.009498664724447681
147,0.01119810633648944
148,0.008831026948288419
149,0.007495751395969896
150,0.013716921582908473
151,0.007192279679533868
152,0.011835396941005098
153,0.012260257344015538
154,0.012229910172371935
155,0.008831026948288419
156,0.00743505705268269
157,0.010135955328963341
158,0.009680747754309299
159,0.007950958970623938
160,0.008922068463219229
161,0.010075260985676135
162,0.00722262685117747
163,0.009316581694586065
164,0.008224083515416362
165,0.00980213644088371
166,0.015568099053168244
167,0.008163389172129158
168,0.012047827142510318
169,0.012047827142510318
170,0.008345472201990774
171,0.009741442097596503
172,0.01207817431415392
173,0.01638747268754552
174,0.00958970623937849
175,0.009953872299101723
176,0.01034838553046856
177,0.011653313911143482
178,0.008163389172129158
179,0.009134498664724447
180,0.010135955328963341
181,0.012897547948531197
182,0.00937727603787327
183,0.009741442097596503
184,0.011137411993202234
185,0.00688880796309784
186,0.026159261956785626
187,0.008224083515416362
188,0.011016023306627822
189,0.009013109978150037
190,0.011167759164845836
191,0.01034838553046856
192,0.010257344015537751
193,0.01098567613498422
194,0.007708181597475115
195,0.010742898761835398
196,0.013231366836610827
197,0.008254430687059966
198,0.011258800679776644
199,0.011501578052925468
200,0.00819373634377276
201,0.010500121388686574
202,0.01681233309055596
203,0.015264627336732216
204,0.01022699684389415
205,0.01432386501578053
206,0.01411143481427531
207,0.011046370478271426
208,0.00895241563486283
209,0.009346928866229667
210,0.006312211701869385
211,0.010318038358824957
212,0.009862830784170915
213,0.009893177955814517
214,0.007617140082544307
215,0.00958970623937849
216,0.009984219470745327
217,0.010864287448409808
218,0.01453629521728575
219,0.010318038358824957
220,0.014202476329206118
221,0.010378732702112163
222,0.010075260985676135
223,0.011289147851420248
224,0.010166302500606943
225,0.012320951687302743
226,0.008133042000485554
227,0.009862830784170915
228,0.007768875940762321
229,0.010105608157319737
230,0.0064639475600873995
231,0.02036295217285749
232,0.009316581694586065
233,0.007313668366108279
234,0.008315125030347172
235,0.011289147851420248
236,0.009680747754309299
237,0.01229060451565914
238,0.011622966739499878
239,0.007131585336246662
240,0.012594076232095169
241,0.010044913814032531
242,0.010318038358824957
243,0.008861374119932023
244,0.010044913814032531
245,0.008679291090070405
246,0.008133042000485554
247,0.010196649672250545
248,0.014081087642631707
249,0.012047827142510318
250,0.011896091284292304
251,0.01043942704539937
252,0.007829570284049526
253,0.010105608157319737
254,0.008072347657198348
255,0.009771789269240107
256,0.009437970381160475
257,0.008557902403495994
258,0.010287691187181355
259,0.012563729060451567
260,0.012320951687302743
261,0.008436513716921583
262,0.008011653313911144
263,0.010075260985676135
264,0.009073804321437243
265,0.01930080116533139
266,0.024065307113377035
267,0.010591162903617383
268,0.011774702597717892
269,0.009923525127458121
270,0.00688880796309784
271,0.010651857246904588
272,0.014414906530711338
273,0.007465404224326293
274,0.010044913814032531
275,0.012108521485797524
276,0.009680747754309299
277,0.013565185724690459
278,0.01262442340373877
279,0.011562272396212672
280,0.00873998543335761
281,0.016903374605486767
282,0.011622966739499878
283,0.010075260985676135
284,0.013474144209759651
285,0.01271546491866958
286,0.008375819373634377
287,0.013747268754552075
288,0.008770332605001215
289,0.014050740470988103
290,0.01110706482155863
291,0.008284777858703568
292,0.01098567613498422
293,0.00625151735858218
294,0.013352755523185239
295,0.00937727603787327
296,0.01110706482155863
297,0.008315125030347172
298,0.008254430687059966
299,0.008133042000485554
300,0.013929351784413693
301,0.007010196649672251
302,0.00528040786598689
303,0.013352755523185239
304,0.007738528769118718
305,0.007708181597475115
306,0.008497208060208788
307,0.008133042000485554
308,0.008800679776644817
309,0.008679291090070405
310,0.012351298858946346
311,0.012685117747025977
312,0.010135955328963341
313,0.009043457149793639
314,0.012594076232095169
315,0.009529011896091285
316,0.011410536537994658
317,0.010135955328963341
318,0.00916484583636805
319,0.01098567613498422
320,0.008375819373634377
321,0.01250303471716436
322,0.011471230881281864
323,0.008011653313911144
324,0.012351298858946346
325,0.007526098567613498
326,0.010530468560330178
327,0.014263170672493324
328,0.006767419276523428
329,0.00743505705268269
330,0.010864287448409808
331,0.009620053411022093
332,0.009407623209516873
333,0.010044913814032531
334,0.01787448409808206
335,0.01195678562757951
336,0.009134498664724447
337,0.008466860888565186
338,0.005159019179412479
339,0.008011653313911144
340,0.012776159261956785
341,0.009771789269240107
342,0.010803593105122602
343,0.008982762806506433
344,0.009559359067734887
345,0.008831026948288419
346,0.007829570284049526
347,0.01043942704539937
348,0.012867200776887595
349,0.009346928866229667
350,0.00625151735858218
351,0.01411143481427531
352,0.010591162903617383
353,0.016964068948773975
354,0.007890264627336732
355,0.007526098567613498
356,0.010469774217042972
357,0.009255887351298859
358,0.00798130614226754
359,0.007161932507890265
360,0.014020393299344501
361,0.009832483612527313
362,0.009923525127458121
363,0.011987132799223112
364,0.007677834425831512
365,0.008375819373634377
366,0.015901917941247876
367,0.009255887351298859
368,0.007738528769118718
369,0.00916484583636805
370,0.010075260985676135
371,0.009346928866229667
372,0.012320951687302743
373,0.008042000485554746
374,0.012563729060451567
375,0.009711094925952901
376,0.007192279679533868
377,0.009134498664724447
378,0.00840616654527798
379,0.010135955328963341
380,0.014020393299344501
381,0.009923525127458121
382,0.01098567613498422
383,0.01043942704539937
384,0.006342558873512988
385,0.009195193008011653
386,0.011228453508133042
387,0.019664967225054626
388,0.012108521485797524
389,0.012442340373877155
390,0.009984219470745327
391,0.009346928866229667
392,0.006585336246661811
393,0.012533381888807963
394,0.008315125030347172
395,0.013747268754552075
396,0.008011653313911144
397,0.014718378247147366
398,0.006979849478028648
399,0.015325321680019422
400,0.011471230881281864
401,0.006767419276523428
402,0.008284777858703568
403,0.009255887351298859
404,0.011016023306627822
405,0.014475600873998544
406,0.009650400582665695
407,0.008588249575139597
408,0.009134498664724447
409,0.009255887351298859
410,0.008709638261714009
411,0.009407623209516873
412,0.010318038358824957
413,0.007040543821315854
414,0.017419276523428017
415,0.010500121388686574
416,0.007890264627336732
417,0.010318038358824957
418,0.010955328963340616
419,0.011805049769361496
420,0.011774702597717892
421,0.013413449866472445
422,0.013990046127700898
423,0.012017479970866714
424,0.008436513716921583
425,0.010166302500606943
426,0.00785991745569313
427,0.011349842194707454
428,0.014050740470988103
429,0.018238650157805292
430,0.008800679776644817
431,0.008436513716921583
432,0.012351298858946346
433,0.007799223112405924
434,0.010044913814032531
435,0.014414906530711338
436,0.008466860888565186
437,0.007374362709395484
438,0.013231366836610827
439,0.010318038358824957
440,0.010378732702112163
441,0.008466860888565186
442,0.011926438455935906
443,0.010864287448409808
444,0.01153192522456907
445,0.006069434328720563
446,0.012108521485797524
447,0.014081087642631707
448,0.009255887351298859
449,0.006767419276523428
450,0.008770332605001215
451,0.011258800679776644
452,0.007738528769118718
453,0.0118657441126487
454,0.01626608400097111
455,0.009711094925952901
456,0.012472687545520757
457,0.009286234522942461
458,0.011440883709638262
459,0.011440883709638262
460,0.009225540179655257
461,0.014839766933721778
462,0.021910657926681232
463,0.008011653313911144
464,0.015750182083029862
465,0.009346928866229667
466,0.007920611798980334
467,0.013443797038116047
468,0.009316581694586065
469,0.01098567613498422
470,0.008922068463219229
471,0.011137411993202234
472,0.013534838553046855
473,0.005857004127215343
474,0.009346928866229667
475,0.008770332605001215
476,0.010530468560330178
477,0.009407623209516873
478,0.009862830784170915
479,0.009255887351298859
480,0.009832483612527313
481,0.012381646030589949
482,0.011440883709638262
483,0.007677834425831512
484,0.010803593105122602
485,0.014991502791939792
486,0.006221170186938577
487,0.009529011896091285
488,0.012108521485797524
489,0.011258800679776644
490,0.006919155134741442
491,0.008709638261714009
492,0.023033503277494538
493,0.011137411993202234
494,0.007920611798980334
495,0.009255887351298859
496,0.013747268754552075
497,0.007495751395969896
498,0.008648943918426803
499,0.00852755523185239
500,0.013990046127700898
501,0.0086185967467832
502,0.007708181597475115
503,0.00937727603787327
504,0.006858460791454237
505,0.009225540179655257
506,0.010409079873755766
507,0.008345472201990774
508,0.011440883709638262
509,0.01411143481427531
510,0.013201019664967225
511,0.00764748725418791
512,0.012806506433600389
513,0.00798130614226754
514,0.008891721291575625
515,0.008254430687059966
516,0.008679291090070405
517,0.016751638747268753
518,0.007829570284049526
519,0.012958242291818403
520,0.007161932507890265
521,0.011380189366351056
522,0.011622966739499878
523,0.010955328963340616
524,0.013049283806749211
525,0.007313668366108279
526,0.010742898761835398
527,0.011805049769361496
528,0.00722262685117747
529,0.008011653313911144
530,0.011440883709638262
531,0.008982762806506433
532,0.010500121388686574
533,0.013109978150036417
534,0.013352755523185239
535,0.007556445739257101
536,0.01098567613498422
537,0.009893177955814517
538,0.012017479970866714
539,0.013413449866472445
540,0.01529497450837582
541,0.009620053411022093
542,0.012351298858946346
543,0.010742898761835398
544,0.010591162903617383
545,0.00785991745569313
546,0.010773245933479
547,0.011258800679776644
548,0.007920611798980334
549,0.013716921582908473
550,0.012169215829084729
551,0.00785991745569313
552,0.012806506433600389
553,0.00873998543335761
554,0.014263170672493324
555,0.004825200291332848
556,0.010196649672250545
557,0.009650400582665695
558,0.008891721291575625
559,0.007920611798980334
560,0.008770332605001215
561,0.009953872299101723
562,0.008861374119932023
563,0.00916484583636805
564,0.011562272396212672
565,0.01022699684389415
566,0.01043942704539937
567,0.010712551590191794
568,0.010833940276766206
569,0.014263170672493324
570,0.011258800679776644
571,0.009529011896091285
572,0.010682204418548192
573,0.008042000485554746
574,0.013049283806749211
575,0.011016023306627822
576,0.011228453508133042
577,0.00895241563486283
578,0.011714008254430686
579,0.007101238164603059
580,0.006797766448167031
581,0.010924981791697014
582,0.01001456664238893
583,0.010409079873755766
584,0.011896091284292304
585,0.011410536537994658
586,0.008042000485554746
587,0.01153192522456907
588,0.01571983491138626
589,0.008648943918426803
590,0.012867200776887595
591,0.010833940276766206
592,0.007404709881039087
593,0.01110706482155863
594,0.015052197135226996
595,0.012594076232095169
596,0.00958970623937849
597,0.009437970381160475
598,0.009620053411022093
599,0.009650400582665695
600,0.009043457149793639
601,0.00895241563486283
602,0.008557902403495994
603,0.013261714008254431
604,0.012745812090313183
605,0.006069434328720563
606,0.01153192522456907
607,0.008284777858703568
608,0.010044913814032531
609,0.010651857246904588
610,0.018177955814518088
611,0.00819373634377276
612,0.010257344015537751
613,0.007708181597475115
614,0.008709638261714009
615,0.010803593105122602
616,0.011683661082787084
617,0.010833940276766206
618,0.009741442097596503
619,0.011167759164845836
620,0.008042000485554746
621,0.013383102694828841
622,0.007465404224326293
623,0.011987132799223112
624,0.006949502306385045
625,0.015143238650157806
626,0.008102694828841952
627,0.008861374119932023
628,0.008800679776644817
629,0.012563729060451567
630,0.010955328963340616
631,0.010773245933479
632,0.0086185967467832
633,0.00840616654527798
634,0.011258800679776644
635,0.006949502306385045
636,0.013383102694828841
637,0.010833940276766206
638,0.008648943918426803
639,0.008891721291575625
640,0.009468317552804079
641,0.007890264627336732
642,0.009680747754309299
643,0.007768875940762321
644,0.008770332605001215
645,0.010075260985676135
646,0.01262442340373877
647,0.011683661082787084
648,0.013504491381403253
649,0.011016023306627822
650,0.018056567127943676
651,0.0064639475600873995
652,0.01711580480699199
653,0.015112891478514202
654,0.010894634620053412
655,0.007495751395969896
656,0.011471230881281864
657,0.008497208060208788
658,0.011805049769361496
659,0.011349842194707454
660,0.00980213644088371
661,0.008770332605001215
662,0.012685117747025977
663,0.011562272396212672
664,0.012654770575382375
665,0.009559359067734887
666,0.012594076232095169
667,0.011471230881281864
668,0.015325321680019422
669,0.010742898761835398
670,0.010044913814032531
671,0.008831026948288419
672,0.009620053411022093
673,0.010318038358824957
674,0.010682204418548192
675,0.010591162903617383
676,0.008345472201990774
677,0.008831026948288419
678,0.008497208060208788
679,0.013625880067977665
680,0.007586792910900704
681,0.012047827142510318
682,0.007252974022821073
683,0.010864287448409808
684,0.006281864530225783
685,0.0150825443068706
686,0.009923525127458121
687,0.010803593105122602
688,0.013443797038116047
689,0.010166302500606943
690,0.009437970381160475
691,0.010864287448409808
692,0.014354212187424132
693,0.010044913814032531
694,0.009741442097596503
695,0.00873998543335761
696,0.009529011896091285
697,0.012320951687302743
698,0.011410536537994658
699,0.012563729060451567
700,0.012988589463462005
701,0.008679291090070405
702,0.012017479970866714
703,0.012685117747025977
704,0.006099781500364166
705,0.005159019179412479
706,0.008922068463219229
707,0.009984219470745327
708,0.009134498664724447
709,0.010621510075260986
710,0.008466860888565186
711,0.011896091284292304
712,0.009407623209516873
713,0.010682204418548192
714,0.007374362709395484
715,0.010591162903617383
716,0.00852755523185239
717,0.008254430687059966
718,0.01110706482155863
719,0.011410536537994658
720,0.011016023306627822
721,0.008588249575139597
722,0.009195193008011653
723,0.007829570284049526
724,0.008224083515416362
725,0.013383102694828841
726,0.01271546491866958
727,0.009711094925952901
728,0.00980213644088371
729,0.01056081573197378
730,0.007161932507890265
731,0.011380189366351056
732,0.010955328963340616
733,0.011592619567856276
734,0.00916484583636805
735,0.010378732702112163
736,0.008831026948288419
737,0.015871570769604274
738,0.00688880796309784
739,0.008466860888565186
740,0.011562272396212672
741,0.012320951687302743
742,0.009741442097596503
743,0.008861374119932023
744,0.006797766448167031
745,0.014627336732216558
746,0.014596989560572954
747,0.008709638261714009
748,0.007192279679533868
749,0.008254430687059966
750,0.008800679776644817
751,0.008982762806506433
752,0.006130128672007769
753,0.008284777858703568
754,0.008224083515416362
755,0.011653313911143482
756,0.010530468560330178
757,0.007950958970623938
758,0.01110706482155863
759,0.007404709881039087
760,0.010166302500606943
761,0.01465768390386016
762,0.006979849478028648
763,0.0118657441126487
764,0.008770332605001215
765,0.010955328963340616
766,0.007283321194464676
767,0.013201019664967225
768,0.010196649672250545
769,0.0118657441126487
770,0.007799223112405924
771,0.007495751395969896
772,0.01541636319495023
773,0.010135955328963341
774,0.010318038358824957
775,0.009529011896091285
776,0.01022699684389415
777,0.012169215829084729
778,0.010044913814032531
779,0.010803593105122602
780,0.01229060451565914
781,0.008224083515416362
782,0.00937727603787327
783,0.009711094925952901
784,0.009195193008011653
785,0.009893177955814517
786,0.010075260985676135
787,0.008891721291575625
788,0.008648943918426803
789,0.01131949502306385
790,0.010135955328963341
791,0.009559359067734887
792,0.006979849478028648
793,0.009013109978150037
794,0.009073804321437243
795,0.008224083515416362
796,0.008163389172129158
797,0.007708181597475115
798,0.011440883709638262
799,0.008861374119932023
800,0.01229060451565914
801,0.01702476329206118
802,0.013990046127700898
803,0.010378732702112163
804,0.008800679776644817
805,0.01001456664238893
806,0.009043457149793639
807,0.00688880796309784
808,0.009286234522942461
809,0.008922068463219229
810,0.011167759164845836
811,0.010044913814032531
812,0.009650400582665695
813,0.010287691187181355
814,0.009741442097596503
815,0.00895241563486283
816,0.012411993202233552
817,0.014263170672493324
818,0.008800679776644817
819,0.01411143481427531
820,0.010257344015537751
821,0.008557902403495994
822,0.011592619567856276
823,0.0086185967467832
824,0.010773245933479
825,0.008102694828841952
826,0.010712551590191794
827,0.01174435542607429
828,0.01262442340373877
829,0.011501578052925468
830,0.008345472201990774
831,0.009407623209516873
832,0.01377761592619568
833,0.009923525127458121
834,0.00798130614226754
835,0.007920611798980334
836,0.008345472201990774
837,0.016539208545763535
838,0.00819373634377276
839,0.014263170672493324
840,0.00743505705268269
841,0.015507404709881038
842,0.0118657441126487
843,0.006312211701869385
844,0.01043942704539937
845,0.009225540179655257
846,0.00895241563486283
847,0.01043942704539937
848,0.010287691187181355
849,0.00916484583636805
850,0.010257344015537751
851,0.0118657441126487
852,0.006797766448167031
853,0.009134498664724447
854,0.01229060451565914
855,0.007192279679533868
856,0.011562272396212672
857,0.009923525127458121
858,0.009286234522942461
859,0.008224083515416362
860,0.00819373634377276
861,0.013018936635105609
862,0.008557902403495994
863,0.01195678562757951
864,0.012047827142510318
865,0.009862830784170915
866,0.013413449866472445
867,0.015598446224811848
868,0.009559359067734887
869,0.007950958970623938
870,0.01465768390386016
871,0.012108521485797524
872,0.008254430687059966
873,0.007829570284049526
874,0.008102694828841952
875,0.008254430687059966
876,0.008315125030347172
877,0.008011653313911144
878,0.008163389172129158
879,0.008345472201990774
880,0.009346928866229667
881,0.01098567613498422
882,0.014263170672493324
883,0.015173585821801408
884,0.009043457149793639
885,0.01195678562757951
886,0.012411993202233552
887,0.008224083515416362
888,0.013747268754552075
889,0.011258800679776644
890,0.008345472201990774
891,0.00958970623937849
892,0.012047827142510318
893,0.007526098567613498
894,0.009498664724447681
895,0.007708181597475115
896,0.011440883709638262
897,0.007161932507890265
898,0.01250303471716436
899,0.012320951687302743
900,0.01529497450837582
901,0.009529011896091285
902,0.009529011896091285
903,0.008709638261714009
904,0.008922068463219229
905,0.009316581694586065
906,0.005887351298858946
907,0.010409079873755766
908,0.013322408351541637
909,0.014202476329206118
910,0.01174435542607429
911,0.013201019664967225
912,0.008284777858703568
913,0.010621510075260986
914,0.0118657441126487
915,0.011926438455935906
916,0.013109978150036417
917,0.008497208060208788
918,0.010833940276766206
919,0.008497208060208788
920,0.013747268754552075
921,0.007768875940762321
922,0.006858460791454237
923,0.0067370721048798255
924,0.014566642388929352
925,0.012745812090313183
926,0.009650400582665695
927,0.010135955328963341
928,0.008042000485554746
929,0.009346928866229667
930,0.011440883709638262
931,0.005159019179412479
932,0.009073804321437243
933,0.011562272396212672
934,0.03058994901675164
935,0.011683661082787084
936,0.008922068463219229
937,0.013231366836610827
938,0.0086185967467832
939,0.012411993202233552
940,0.010166302500606943
941,0.007465404224326293
942,0.010530468560330178
943,0.0086185967467832
944,0.012229910172371935
945,0.01043942704539937
946,0.010894634620053412
947,0.01465768390386016
948,0.007920611798980334
949,0.007708181597475115
950,0.01043942704539937
951,0.01022699684389415
952,0.009407623209516873
953,0.009346928866229667
954,0.00625151735858218
955,0.008679291090070405
956,0.010287691187181355
957,0.010044913814032531
958,0.008648943918426803
959,0.013383102694828841
960,0.007677834425831512
961,0.01368657441126487
962,0.0065549890750182084
963,0.007617140082544307
964,0.008831026948288419
965,0.008709638261714009
966,0.008133042000485554
967,0.009498664724447681
968,0.012594076232095169
969,0.011805049769361496
970,0.007161932507890265
971,0.011714008254430686
972,0.00840616654527798
973,0.011380189366351056
974,0.015052197135226996
975,0.009953872299101723
976,0.0118657441126487
977,0.009620053411022093
978,0.011653313911143482
979,0.011471230881281864
980,0.010135955328963341
981,0.008891721291575625
982,0.013929351784413693
983,0.011896091284292304
984,0.010621510075260986
985,0.009923525127458121
986,0.011076717649915028
987,0.009529011896091285
988,0.008922068463219229
989,0.011410536537994658
990,0.008466860888565186
991,0.008861374119932023
992,0.009529011896091285
993,0.009559359067734887
994,0.008345472201990774
995,0.011289147851420248
996,0.011714008254430686
997,0.009255887351298859
998,0.00895241563486283
999,0.008861374119932023
1000,0.009498664724447681
1001,0.013079630978392813
1002,0.010833940276766206
1003,0.013656227239621267
1004,0.011471230881281864
1005,0.013292061179898033
1006,0.010833940276766206
1007,0.012563729060451567
1008,0.006312211701869385
1009,0.009741442097596503
1010,0.009832483612527313
1011,0.010075260985676135
1012,0.012745812090313183
1013,0.011653313911143482
1014,0.011714008254430686
1015,0.011774702597717892
1016,0.0204843408594319
1017,0.014081087642631707
1018,0.007526098567613498
1019,0.010742898761835398
1020,0.011440883709638262
1021,0.014384559359067736
1022,0.012411993202233552
1023,0.01034838553046856
1024,0.00895241563486283
1025,0.010682204418548192
1026,0.007586792910900704
1027,0.009468317552804079
1028,0.008861374119932023
1029,0.011349842194707454
1030,0.005735615440640932
1031,0.007738528769118718
1032,0.008861374119932023
1033,0.009255887351298859
1034,0.011714008254430686
1035,0.009134498664724447
1036,0.010803593105122602
1037,0.00819373634377276
1038,0.009832483612527313
1039,0.012867200776887595
1040,0.0150825443068706
1041,0.009195193008011653
1042,0.00840616654527798
1043,0.011228453508133042
1044,0.009771789269240107
1045,0.017085457635348387
1046,0.010864287448409808
1047,0.011349842194707454
1048,0.010257344015537751
1049,0.007768875940762321
1050,0.010500121388686574
1051,0.009650400582665695
1052,0.007920611798980334
1053,0.011440883709638262
1054,0.012533381888807963
1055,0.014020393299344501
1056,0.009559359067734887
1057,0.00625151735858218
1058,0.008891721291575625
1059,0.006919155134741442
1060,0.008891721291575625
1061,0.008770332605001215
1062,0.011380189366351056
1063,0.015750182083029862
1064,0.007161932507890265
1065,0.010894634620053412
1066,0.00958970623937849
1067,0.010621510075260986
1068,0.010196649672250545
1069,0.010135955328963341
1070,0.011592619567856276
1071,0.010651857246904588
1072,0.009468317552804079
1073,0.017631706724933235
1074,0.009013109978150037
1075,0.012169215829084729
1076,0.009893177955814517
1077,0.01271546491866958
1078,0.007768875940762321
1079,0.010105608157319737
1080,0.012594076232095169
1081,0.008861374119932023
1082,0.01043942704539937
1083,0.009255887351298859
1084,0.01250303471716436
1085,0.013383102694828841
1086,0.007829570284049526
1087,0.01043942704539937
1088,0.01207817431415392
1089,0.012411993202233552
1090,0.00852755523185239
1091,0.015143238650157806
1092,0.006130128672007769
1093,0.010075260985676135
1094,0.009346928866229667
1095,0.010469774217042972
1096,0.016084000971109493
1097,0.014232823500849721
1098,0.007465404224326293
1099,0.01056081573197378
1100,0.012958242291818403
1101,0.008315125030347172
1102,0.006979849478028648
1103,0.010469774217042972
1104,0.010469774217042972
1105,0.009680747754309299
1106,0.013018936635105609
1107,0.012897547948531197
1108,0.00937727603787327
1109,0.008375819373634377
1110,0.010621510075260986
1111,0.00958970623937849
1112,0.009134498664724447
1113,0.011076717649915028
1114,0.008011653313911144
1115,0.009104151493080845
1116,0.015386016023306628
1117,0.011653313911143482
1118,0.008557902403495994
1119,0.00895241563486283
1120,0.00916484583636805
1121,0.01596261228453508
1122,0.01229060451565914
1123,0.008922068463219229
1124,0.008315125030347172
1125,0.011167759164845836
1126,0.009862830784170915
1127,0.0066763777615926195
1128,0.011349842194707454
1129,0.007920611798980334
1130,0.007708181597475115
1131,0.010318038358824957
1132,0.012381646030589949
1133,0.009923525127458121
1134,0.009498664724447681
1135,0.00549283806749211
1136,0.016448167030832725
1137,0.005037630492838068
1138,0.008648943918426803
1139,0.01001456664238893
1140,0.0067067249332362225
1141,0.008861374119932023
1142,0.01119810633648944
1143,0.012199563000728332
1144,0.010773245933479
1145,0.010318038358824957
1146,0.011349842194707454
1147,0.005765962612284535
1148,0.009225540179655257
1149,0.006919155134741442
1150,0.008922068463219229
1151,0.007920611798980334
1152,0.014688031075503764
1153,0.013747268754552075
1154,0.011592619567856276
1155,0.011137411993202234
1156,0.010409079873755766
1157,0.010833940276766206
1158,0.010044913814032531
1159,0.009498664724447681
1160,0.010409079873755766
1161,0.009498664724447681
1162,0.0086185967467832
1163,0.008466860888565186
1164,0.007920611798980334
1165,0.009741442097596503
1166,0.009771789269240107
1167,0.008891721291575625
1168,0.009650400582665695
1169,0.010833940276766206
1170,0.012138868657441126
1171,0.01022699684389415
1172,0.009650400582665695
1173,0.007617140082544307
1174,0.009953872299101723
1175,0.011926438455935906
1176,0.012260257344015538
1177,0.012108521485797524
1178,0.00895241563486283
1179,0.0066763777615926195
1180,0.006797766448167031
1181,0.01262442340373877
1182,0.008102694828841952
1183,0.006403253216800194
1184,0.01262442340373877
1185,0.012533381888807963
1186,0.010378732702112163
1187,0.011622966739499878
1188,0.011137411993202234
1189,0.012047827142510318
1190,0.014779072590434572
1191,0.009529011896091285
1192,0.013868657441126487
1193,0.006767419276523428
1194,0.011016023306627822
1195,0.010135955328963341
1196,0.008163389172129158
1197,0.009286234522942461
1198,0.016235736829327507
1199,0.013383102694828841
1200,0.013049283806749211
1201,0.012017479970866714
1202,0.007890264627336732
1203,0.010833940276766206
1204,0.011683661082787084
1205,0.009346928866229667
1206,0.015386016023306628
1207,0.015143238650157806
1208,0.012138868657441126
1209,0.010955328963340616
1210,0.010621510075260986
1211,0.010318038358824957
1212,0.007344015537751882
1213,0.01043942704539937
1214,0.009741442097596503
1215,0.009771789269240107
1216,0.012533381888807963
1217,0.012229910172371935
1218,0.010803593105122602
1219,0.007344015537751882
1220,0.009650400582665695
1221,0.008011653313911144
1222,0.00980213644088371
1223,0.012563729060451567
1224,0.010712551590191794
1225,0.008163389172129158
1226,0.00840616654527798
1227,0.010257344015537751
1228,0.008709638261714009
1229,0.009073804321437243
1230,0.009529011896091285
1231,0.008345472201990774
1232,0.011592619567856276
1233,0.008588249575139597
1234,0.008831026948288419
1235,0.0065246419033746055
1236,0.011835396941005098
1237,0.01250303471716436
1238,0.011592619567856276
1239,0.017388929351784415
1240,0.009832483612527313
1241,0.014020393299344501
1242,0.008163389172129158
1243,0.008254430687059966
1244,0.007829570284049526
1245,0.009893177955814517
1246,0.008497208060208788
1247,0.011501578052925468
1248,0.008315125030347172
1249,0.01022699684389415
1250,0.01411143481427531
1251,0.011653313911143482
1252,0.010166302500606943
1253,0.008315125030347172
1254,0.00916484583636805
1255,0.010591162903617383
1256,0.010651857246904588
1257,0.007101238164603059
1258,0.012381646030589949
1259,0.008679291090070405
1260,0.010530468560330178
1261,0.00840616654527798
1262,0.007010196649672251
1263,0.010591162903617383
1264,0.00785991745569313
1265,0.0118657441126487
1266,0.008375819373634377
1267,0.010955328963340616
1268,0.011137411993202234
1269,0.011380189366351056
1270,0.014688031075503764
1271,0.010105608157319737
1272,0.016842680262199563
1273,0.008375819373634377
1274,0.005462490895848507
1275,0.007890264627336732
1276,0.009529011896091285
1277,0.010682204418548192
1278,0.009741442097596503
1279,0.012927895120174799
1280,0.011289147851420248
1281,0.009771789269240107
1282,0.008982762806506433
1283,0.009346928866229667
1284,0.010621510075260986
1285,0.008709638261714009
1286,0.00743505705268269
1287,0.007404709881039087
1288,0.011016023306627822
1289,0.009407623209516873
1290,0.019361495508618598
1291,0.009953872299101723
1292,0.010318038358824957
1293,0.009043457149793639
1294,0.012381646030589949
1295,0.009862830784170915
1296,0.009104151493080845
1297,0.01001456664238893
1298,0.015901917941247876
1299,0.011137411993202234
1300,0.018268997329448894
1301,0.015173585821801408
1302,0.01905802379218257
1303,0.010044913814032531
1304,0.010500121388686574
1305,0.011137411993202234
1306,0.010257344015537751
1307,0.01432386501578053
1308,0.014718378247147366
1309,0.007738528769118718
1310,0.008770332605001215
1311,0.011167759164845836
1312,0.011653313911143482
1313,0.00937727603787327
1314,0.010833940276766206
1315,0.010196649672250545
1316,0.012533381888807963
1317,0.011137411993202234
1318,0.010530468560330178
1319,0.008588249575139597
1320,0.008284777858703568
1321,0.01195678562757951
1322,0.011258800679776644
1323,0.010378732702112163
1324,0.009437970381160475
1325,0.0066156834183054136
1326,0.009771789269240107
1327,0.016175042486040302
1328,0.008011653313911144
1329,0.009529011896091285
1330,0.009893177955814517
1331,0.018056567127943676
1332,0.01034838553046856
1333,0.008497208060208788
1334,0.00916484583636805
1335,0.010166302500606943
1336,0.006312211701869385
1337,0.01119810633648944
1338,0.00980213644088371
1339,0.008982762806506433
1340,0.00895241563486283
1341,0.014475600873998544
1342,0.011926438455935906
1343,0.010773245933479
1344,0.00840616654527798
1345,0.00625151735858218
1346,0.010500121388686574
1347,0.009771789269240107
1348,0.0067370721048798255
1349,0.008436513716921583
1350,0.008466860888565186
1351,0.009043457149793639
1352,0.011289147851420248
1353,0.007252974022821073
1354,0.008922068463219229
1355,0.00916484583636805
1356,0.0066156834183054136
1357,0.01001456664238893
1358,0.01917941247875698
1359,0.007829570284049526
1360,0.012199563000728332
1361,0.008588249575139597
1362,0.007374362709395484
1363,0.007131585336246662
1364,0.009832483612527313
1365,0.01110706482155863
1366,0.01195678562757951
1367,0.01905802379218257
1368,0.020666423889293517
1369,0.010864287448409808
1370,0.008891721291575625
1371,0.01098567613498422
1372,0.007283321194464676
1373,0.011016023306627822
1374,0.007890264627336732
1375,0.01110706482155863
1376,0.007131585336246662
1377,0.005462490895848507
1378,0.009650400582665695
1379,0.009984219470745327
1380,0.012927895120174799
1381,0.008709638261714009
1382,0.009650400582665695
1383,0.006797766448167031
1384,0.010712551590191794
1385,0.006979849478028648
1386,0.008557902403495994
1387,0.006919155134741442
1388,0.011774702597717892
1389,0.010591162903617383
1390,0.010257344015537751
1391,0.012169215829084729
1392,0.009104151493080845
1393,0.008770332605001215
1394,0.008679291090070405
1395,0.008375819373634377
1396,0.011137411993202234
1397,0.009195193008011653
1398,0.01659990288905074
1399,0.014020393299344501
1400,0.009498664724447681
1401,0.008770332605001215
1402,0.008648943918426803
1403,0.007070890992959456
1404,0.00819373634377276
1405,0.008588249575139597
1406,0.0086185967467832
1407,0.01195678562757951
1408,0.015143238650157806
1409,0.008224083515416362
1410,0.013322408351541637
1411,0.010469774217042972
1412,0.011380189366351056
1413,0.00916484583636805
1414,0.010500121388686574
1415,0.012958242291818403
1416,0.013140325321680019
1417,0.016084000971109493
1418,0.010803593105122602
1419,0.011774702597717892
1420,0.009255887351298859
1421,0.008709638261714009
1422,0.0065549890750182084
1423,0.014718378247147366
1424,0.013140325321680019
1425,0.007890264627336732
1426,0.0118657441126487
1427,0.006342558873512988
1428,0.014809419762078174
1429,0.011046370478271426
1430,0.006949502306385045
1431,0.010378732702112163
1432,0.010318038358824957
1433,0.01131949502306385
1434,0.007465404224326293
1435,0.011622966739499878
1436,0.009225540179655257
1437,0.00743505705268269
1438,0.006281864530225783
1439,0.00688880796309784
1440,0.009468317552804079
1441,0.009620053411022093
1442,0.012351298858946346
1443,0.014627336732216558
1444,0.013838310269482883
1445,0.0065246419033746055
1446,0.01520393299344501
1447,0.008375819373634377
1448,0.013383102694828841
1449,0.009073804321437243
1450,0.007344015537751882
1451,0.009316581694586065
1452,0.010712551590191794
1453,0.009559359067734887
1454,0.011016023306627822
1455,0.005796309783928138
1456,0.009953872299101723
1457,0.009650400582665695
1458,0.01043942704539937
1459,0.015659140568099052
1460,0.010500121388686574
1461,0.008284777858703568
1462,0.008042000485554746
1463,0.011622966739499878
1464,0.00937727603787327
1465,0.015446710366593834
1466,0.011440883709638262
1467,0.007950958970623938
1468,0.01153192522456907
1469,0.009134498664724447
1470,0.011926438455935906
1471,0.011592619567856276
1472,0.011926438455935906
1473,0.01119810633648944
1474,0.01271546491866958
1475,0.009559359067734887
1476,0.010135955328963341
1477,0.008770332605001215
1478,0.00840616654527798
1479,0.012563729060451567
1480,0.007708181597475115
1481,0.011380189366351056
1482,0.012806506433600389
1483,0.011896091284292304
1484,0.007465404224326293
1485,0.015052197135226996
1486,0.008375819373634377
1487,0.00980213644088371
1488,0.010469774217042972
1489,0.009559359067734887
1490,0.008254430687059966
1491,0.010742898761835398
1492,0.012897547948531197
1493,0.005644573925710124
1494,0.00688880796309784
1495,0.01520393299344501
1496,0.008163389172129158
1497,0.010409079873755766
1498,0.009923525127458121
1499,0.00958970623937849
1500,0.01110706482155863
1501,0.009529011896091285
1502,0.009468317552804079
1503,0.01043942704539937
1504,0.014050740470988103
1505,0.00916484583636805
1506,0.008345472201990774
1507,0.015689487739742655
1508,0.007495751395969896
1509,0.011774702597717892
1510,0.01119810633648944
1511,0.009437970381160475
1512,0.010044913814032531
1513,0.010894634620053412
1514,0.00873998543335761
1515,0.008315125030347172
1516,0.009680747754309299
1517,0.009529011896091285
1518,0.012108521485797524
1519,0.013868657441126487
1520,0.007556445739257101
1521,0.010196649672250545
1522,0.00688880796309784
1523,0.012320951687302743
1524,0.011440883709638262
1525,0.009711094925952901
1526,0.014172129157562515
1527,0.009711094925952901
1528,0.012260257344015538
1529,0.012533381888807963
1530,0.009741442097596503
1531,0.009771789269240107
1532,0.010955328963340616
1533,0.009437970381160475
1534,0.009923525127458121
1535,0.009134498664724447
1536,0.011228453508133042
1537,0.013504491381403253
1538,0.01271546491866958
1539,0.00819373634377276
1540,0.011349842194707454
1541,0.007313668366108279
1542,0.010378732702112163
1543,0.00937727603787327
1544,0.01056081573197378
1545,0.009923525127458121
1546,0.013018936635105609
1547,0.009862830784170915
1548,0.008436513716921583
1549,0.008648943918426803
1550,0.022851420247632922
1551,0.007526098567613498
1552,0.012260257344015538
1553,0.00819373634377276
1554,0.009832483612527313
1555,0.009680747754309299
1556,0.007070890992959456
1557,0.011774702597717892
1558,0.010044913814032531
1559,0.011167759164845836
1560,0.008436513716921583
1561,0.007556445739257101
1562,0.016964068948773975
1563,0.010742898761835398
1564,0.007161932507890265
1565,0.015325321680019422
1566,0.021758922068463218
1567,0.012169215829084729
1568,0.009680747754309299
1569,0.012351298858946346
1570,0.006949502306385045
1571,0.009529011896091285
1572,0.008770332605001215
1573,0.008042000485554746
1574,0.008315125030347172
1575,0.0118657441126487
1576,0.008770332605001215
1577,0.008163389172129158
1578,0.00916484583636805
1579,0.013352755523185239
1580,0.009073804321437243
1581,0.009316581694586065
1582,0.010257344015537751
1583,0.008011653313911144
1584,0.01389900461277009
1585,0.012017479970866714
1586,0.012411993202233552
1587,0.017297887836853605
1588,0.008922068463219229
1589,0.008679291090070405
1590,0.00895241563486283
1591,0.010621510075260986
1592,0.010955328963340616
1593,0.009255887351298859
1594,0.010591162903617383
1595,0.01131949502306385
1596,0.013534838553046855
1597,0.009680747754309299
1598,0.009073804321437243
1599,0.010196649672250545
1600,0.00785991745569313
1601,0.008011653313911144
1602,0.010257344015537751
1603,0.010105608157319737
1604,0.013049283806749211
1605,0.007526098567613498
1606,0.011896091284292304
1607,0.009255887351298859
1608,0.010044913814032531
1609,0.010773245933479
1610,0.012958242291818403
1611,0.019270453993687788
1612,0.007738528769118718
1613,0.009741442097596503
1614,0.009195193008011653
1615,0.010075260985676135
1616,0.01174435542607429
1617,0.008891721291575625
1618,0.011137411993202234
1619,0.012320951687302743
1620,0.013959698956057295
1621,0.009134498664724447
1622,0.009498664724447681
1623,0.0066460305899490165
1624,0.010621510075260986
1625,0.007101238164603059
1626,0.012169215829084729
1627,0.015537751881524642
1628,0.007344015537751882
1629,0.009013109978150037
1630,0.009953872299101723
1631,0.011835396941005098
1632,0.010409079873755766
1633,0.013170672493323623
1634,0.009316581694586065
1635,0.008436513716921583
1636,0.009620053411022093
1637,0.011046370478271426
1638,0.009559359067734887
1639,0.011896091284292304
1640,0.012199563000728332
1641,0.007738528769118718
1642,0.006979849478028648
1643,0.009923525127458121
1644,0.009286234522942461
1645,0.007617140082544307
1646,0.008254430687059966
1647,0.014961155620296188
1648,0.010196649672250545
1649,0.014050740470988103
1650,0.012381646030589949
1651,0.01195678562757951
1652,0.011805049769361496
1653,0.010591162903617383
1654,0.0067370721048798255
1655,0.008375819373634377
1656,0.01229060451565914
1657,0.010196649672250545
1658,0.0086185967467832
1659,0.012563729060451567
1660,0.011046370478271426
1661,0.014505948045642146
1662,0.01034838553046856
1663,0.006858460791454237
1664,0.01562879339645545
1665,0.006767419276523428
1666,0.010773245933479
1667,0.009620053411022093
1668,0.007617140082544307
1669,0.007677834425831512
1670,0.010894634620053412
1671,0.011896091284292304
1672,0.010803593105122602
1673,0.010409079873755766
1674,0.007617140082544307
1675,0.016903374605486767
1676,0.009437970381160475
1677,0.010378732702112163
1678,0.011258800679776644
1679,0.011349842194707454
1680,0.009498664724447681
1681,0.009771789269240107
1682,0.01022699684389415
1683,0.008284777858703568
1684,0.013352755523185239
1685,0.009620053411022093
1686,0.009680747754309299
1687,0.00937727603787327
1688,0.0118657441126487
1689,0.009741442097596503
1690,0.0067370721048798255
1691,0.012169215829084729
1692,0.012108521485797524
1693,0.009620053411022093
1694,0.011016023306627822
1695,0.008709638261714009
1696,0.010500121388686574
1697,0.011076717649915028
1698,0.009559359067734887
1699,0.015568099053168244
1700,0.014172129157562515
1701,0.011592619567856276
1702,0.013383102694828841
1703,0.008770332605001215
1704,0.009437970381160475
1705,0.01110706482155863
1706,0.01605365379946589
1707,0.011501578052925468
1708,0.015568099053168244
1709,0.006979849478028648
1710,0.008345472201990774
1711,0.008922068463219229
1712,0.008891721291575625
1713,0.008284777858703568
1714,0.012351298858946346
1715,0.00819373634377276
1716,0.011137411993202234
1717,0.012594076232095169
1718,0.011410536537994658
1719,0.012806506433600389
1720,0.008042000485554746
1721,0.008648943918426803
1722,0.011774702597717892
1723,0.006221170186938577
1724,0.012411993202233552
1725,0.013474144209759651
1726,0.008436513716921583
1727,0.009984219470745327
1728,0.010409079873755766
1729,0.009498664724447681
1730,0.011501578052925468
1731,0.01110706482155863
1732,0.008922068463219229
1733,0.011501578052925468
1734,0.010682204418548192
1735,0.007192279679533868
1736,0.010924981791697014
1737,0.012138868657441126
1738,0.00873998543335761
1739,0.008497208060208788
1740,0.011289147851420248
1741,0.010803593105122602
1742,0.013929351784413693
1743,0.00873998543335761
1744,0.011349842194707454
1745,0.00895241563486283
1746,0.009741442097596503
1747,0.01262442340373877
1748,0.010591162903617383
1749,0.008891721291575625
1750,0.012381646030589949
1751,0.01056081573197378
1752,0.009437970381160475
1753,0.010409079873755766
1754,0.006949502306385045
1755,0.009620053411022093
1756,0.008770332605001215
1757,0.008011653313911144
1758,0.009104151493080845
1759,0.007070890992959456
1760,0.009407623209516873
1761,0.01034838553046856
1762,0.00958970623937849
1763,0.011622966739499878
1764,0.009832483612527313
1765,0.011046370478271426
1766,0.012806506433600389
1767,0.01283685360524399
1768,0.010894634620053412
1769,0.01271546491866958
1770,0.011228453508133042
1771,0.010469774217042972
1772,0.010287691187181355
1773,0.012654770575382375
1774,0.007131585336246662
1775,0.00958970623937849
1776,0.01529497450837582
1777,0.014081087642631707
1778,0.007708181597475115
1779,0.008011653313911144
1780,0.00895241563486283
1781,0.00916484583636805
1782,0.011076717649915028
1783,0.007374362709395484
1784,0.008800679776644817
1785,0.010409079873755766
1786,0.009286234522942461
1787,0.008679291090070405
1788,0.008831026948288419
1789,0.012533381888807963
1790,0.008982762806506433
1791,0.007738528769118718
1792,0.010773245933479
1793,0.016660597232337947
1794,0.005735615440640932
1795,0.007829570284049526
1796,0.011258800679776644
1797,0.010591162903617383
1798,0.009862830784170915
1799,0.008011653313911144
1800,0.009680747754309299
1801,0.011683661082787084
1802,0.015173585821801408
1803,0.009013109978150037
1804,0.009953872299101723
1805,0.010833940276766206
1806,0.011137411993202234
1807,0.012411993202233552
1808,0.010833940276766206
1809,0.012108521485797524
1810,0.01250303471716436
1811,0.010257344015537751
1812,0.007738528769118718
1813,0.01229060451565914
1814,0.014263170672493324
1815,0.012806506433600389
1816,0.013534838553046855
1817,0.008557902403495994
1818,0.012867200776887595
1819,0.011926438455935906
1820,0.012047827142510318
1821,0.007374362709395484
1822,0.010864287448409808
1823,0.009650400582665695
1824,0.0183296916727361
1825,0.011835396941005098
1826,0.008102694828841952
1827,0.006919155134741442
1828,0.012411993202233552
1829,0.009104151493080845
1830,0.01119810633648944
1831,0.010044913814032531
1832,0.008011653313911144
1833,0.007465404224326293
1834,0.009741442097596503
1835,0.013018936635105609
1836,0.010075260985676135
1837,0.020423646516144697
1838,0.022032046613255644
1839,0.009984219470745327
1840,0.009832483612527313
1841,0.012411993202233552
1842,0.010955328963340616
1843,0.008102694828841952
1844,0.007950958970623938
1845,0.010166302500606943
1846,0.014020393299344501
1847,0.014900461277008982
1848,0.011835396941005098
1849,0.011137411993202234
1850,0.00895241563486283
1851,0.011987132799223112
1852,0.010287691187181355
1853,0.008284777858703568
1854,0.00764748725418791
1855,0.010651857246904588
1856,0.011926438455935906
1857,0.0049162418062636565
1858,0.01195678562757951
1859,0.009923525127458121
1860,0.014900461277008982
1861,0.011622966739499878
1862,0.011714008254430686
1863,0.008072347657198348
1864,0.010500121388686574
1865,0.014779072590434572
1866,0.01098567613498422
1867,0.007374362709395484
1868,0.010712551590191794
1869,0.016326778344258316
1870,0.012411993202233552
1871,0.007586792910900704
1872,0.01432386501578053
1873,0.009437970381160475
1874,0.007829570284049526
1875,0.011683661082787084
1876,0.008770332605001215
1877,0.008466860888565186
1878,0.01787448409808206
1879,0.007131585336246662
1880,0.007890264627336732
1881,0.009316581694586065
1882,0.009346928866229667
1883,0.010378732702112163
1884,0.007313668366108279
1885,0.009104151493080845
1886,0.010742898761835398
1887,0.008770332605001215
1888,0.010135955328963341
1889,0.010591162903617383
1890,0.010803593105122602
1891,0.008709638261714009
1892,0.01034838553046856
1893,0.013504491381403253
1894,0.014081087642631707
1895,0.008831026948288419
1896,0.00688880796309784
1897,0.011774702597717892
1898,0.010833940276766206
1899,0.00819373634377276
1900,0.007040543821315854
1901,0.009286234522942461
1902,0.00958970623937849
1903,0.008891721291575625
1904,0.009741442097596503
1905,0.010894634620053412
1906,0.007556445739257101
1907,0.010196649672250545
1908,0.00980213644088371
1909,0.01781378975479485
1910,0.008436513716921583
1911,0.012229910172371935
1912,0.01034838553046856
1913,0.0065549890750182084
1914,0.013383102694828841
1915,0.008648943918426803
1916,0.010712551590191794
1917,0.012958242291818403
1918,0.010591162903617383
1919,0.01250303471716436
1920,0.01034838553046856
1921,0.01056081573197378
1922,0.009104151493080845
1923,0.007040543821315854
1924,0.012260257344015538
1925,0.008648943918426803
1926,0.014566642388929352
1927,0.01541636319495023
1928,0.0086185967467832
1929,0.009225540179655257
1930,0.009832483612527313
1931,0.010318038358824957
1932,0.013140325321680019
1933,0.010682204418548192
1934,0.012138868657441126
1935,0.010469774217042972
1936,0.008648943918426803
1937,0.008922068463219229
1938,0.008436513716921583
1939,0.011774702597717892
1940,0.0067370721048798255
1941,0.00916484583636805
1942,0.007070890992959456
1943,0.012988589463462005
1944,0.008861374119932023
1945,0.01001456664238893
1946,0.010530468560330178
1947,0.010955328963340616
1948,0.012958242291818403
1949,0.01119810633648944
1950,0.006342558873512988
1951,0.009073804321437243
1952,0.008284777858703568
1953,0.014050740470988103
1954,0.01056081573197378
1955,0.016873027433843165
1956,0.014384559359067736
1957,0.009316581694586065
1958,0.009043457149793639
1959,0.010924981791697014
1960,0.007738528769118718
1961,0.010833940276766206
1962,0.010803593105122602
1963,0.010530468560330178
1964,0.014475600873998544
1965,0.008557902403495994
1966,0.009286234522942461
1967,0.014596989560572954
1968,0.012594076232095169
1969,0.009650400582665695
1970,0.018602816217528528
1971,0.009984219470745327
1972,0.007950958970623938
1973,0.007526098567613498
1974,0.0065246419033746055
1975,0.009680747754309299
1976,0.009559359067734887
1977,0.009832483612527313
1978,0.012685117747025977
1979,0.008648943918426803
1980,0.007070890992959456
1981,0.011440883709638262
1982,0.01022699684389415
1983,0.005462490895848507
1984,0.012685117747025977
1985,0.008436513716921583
1986,0.00819373634377276
1987,0.01520393299344501
1988,0.010166302500606943
1989,0.01207817431415392
1990,0.011440883709638262
1991,0.006585336246661811
1992,0.015871570769604274
1993,0.013595532896334061
1994,0.013109978150036417
1995,0.013170672493323623
1996,0.005948045642146152
1997,0.013716921582908473
1998,0.010075260985676135
1999,0.00873998543335761
2000,0.010075260985676135
2001,0.01022699684389415
2002,0.008982762806506433
2003,0.010803593105122602
2004,0.015173585821801408
2005,0.015386016023306628
2006,0.006160475843651371
2007,0.007252974022821073
2008,0.014293517844136926
2009,0.009559359067734887
2010,0.007708181597475115
2011,0.00764748725418791
2012,0.01754066521000243
2013,0.00785991745569313
2014,0.011046370478271426
2015,0.011228453508133042
2016,0.010651857246904588
2017,0.010591162903617383
2018,0.016933721777130373
2019,0.012381646030589949
2020,0.009013109978150037
2021,0.012927895120174799
2022,0.00852755523185239
2023,0.011774702597717892
2024,0.009529011896091285
2025,0.010075260985676135
2026,0.011016023306627822
2027,0.009832483612527313
2028,0.011349842194707454
2029,0.011076717649915028
2030,0.0086185967467832
2031,0.010894634620053412
2032,0.011714008254430686
2033,0.009286234522942461
2034,0.009893177955814517
2035,0.008831026948288419
2036,0.009953872299101723
2037,0.012685117747025977
2038,0.009953872299101723
2039,0.01034838553046856
2040,0.013170672493323623
2041,0.012169215829084729
2042,0.010651857246904588
2043,0.014748725418790968
2044,0.012199563000728332
2045,0.008891721291575625
2046,0.009468317552804079
2047,0.014961155620296188
2048,0.007829570284049526
2049,0.009741442097596503
2050,0.012229910172371935
2051,0.008588249575139597
2052,0.011714008254430686
2053,0.005432143724204904
2054,0.006342558873512988
2055,0.007161932507890265
2056,0.01799587278465647
2057,0.010409079873755766
2058,0.014779072590434572
2059,0.007313668366108279
2060,0.007829570284049526
2061,0.015446710366593834
2062,0.012138868657441126
2063,0.007495751395969896
2064,0.007950958970623938
2065,0.0066763777615926195
2066,0.018845593590677348
2067,0.01262442340373877
2068,0.011622966739499878
2069,0.010075260985676135
2070,0.011167759164845836
2071,0.012199563000728332
2072,0.009346928866229667
2073,0.009620053411022093
2074,0.009346928866229667
2075,0.010894634620053412
2076,0.00937727603787327
2077,0.009650400582665695
2078,0.009984219470745327
2079,0.010318038358824957
2080,0.009741442097596503
2081,0.010287691187181355
2082,0.01056081573197378
2083,0.010712551590191794
2084,0.014263170672493324
2085,0.009255887351298859
2086,0.009468317552804079
2087,0.006858460791454237
2088,0.01001456664238893
2089,0.015052197135226996
2090,0.009286234522942461
2091,0.009893177955814517
2092,0.011046370478271426
2093,0.012169215829084729
2094,0.012199563000728332
2095,0.00819373634377276
2096,0.017935178441369264
2097,0.008588249575139597
2098,0.010773245933479
2099,0.010166302500606943
2100,0.011289147851420248
2101,0.01110706482155863
2102,0.011471230881281864
2103,0.015568099053168244
2104,0.010135955328963341
2105,0.00937727603787327
2106,0.01368657441126487
2107,0.0086185967467832
2108,0.011653313911143482
2109,0.007495751395969896
2110,0.013322408351541637
2111,0.00873998543335761
2112,0.01389900461277009
2113,0.01022699684389415
2114,0.012381646030589949
2115,0.027767662053896577
2116,0.010378732702112163
2117,0.011471230881281864
2118,0.0066156834183054136
2119,0.009134498664724447
2120,0.012138868657441126
2121,0.008133042000485554
2122,0.014293517844136926
2123,0.0182993445010925
2124,0.013170672493323623
2125,0.009923525127458121
2126,0.010894634620053412
2127,0.01110706482155863
2128,0.01119810633648944
2129,0.009316581694586065
2130,0.007677834425831512
2131,0.0118657441126487
2132,0.012442340373877155
2133,0.00958970623937849
2134,0.014779072590434572
2135,0.01131949502306385
2136,0.007465404224326293
2137,0.00980213644088371
2138,0.009529011896091285
2139,0.01593226511289148
2140,0.01635712551590192
2141,0.012169215829084729
2142,0.007799223112405924
2143,0.008315125030347172
2144,0.010257344015537751
2145,0.00798130614226754
2146,0.012108521485797524
2147,0.009073804321437243
2148,0.0067067249332362225
2149,0.014718378247147366
2150,0.006585336246661811
2151,0.009953872299101723
2152,0.011805049769361496
2153,0.009620053411022093
2154,0.010651857246904588
2155,0.007101238164603059
2156,0.009529011896091285
2157,0.01207817431415392
2158,0.009498664724447681
2159,0.013656227239621267
2160,0.015598446224811848
2161,0.010318038358824957
2162,0.009346928866229667
2163,0.009255887351298859
2164,0.007101238164603059
2165,0.008072347657198348
2166,0.006828113619810634
2167,0.009771789269240107
2168,0.00819373634377276
2169,0.007465404224326293
2170,0.036841466375333816
2171,0.008922068463219229
2172,0.012563729060451567
2173,0.009346928866229667
2174,0.008497208060208788
2175,0.010530468560330178
2176,0.008315125030347172
2177,0.015780529254673464
2178,0.011592619567856276
2179,0.012017479970866714
2180,0.00798130614226754
2181,0.0118657441126487
2182,0.010378732702112163
2183,0.008709638261714009
2184,0.009104151493080845
2185,0.008284777858703568
2186,0.00743505705268269
2187,0.010955328963340616
2188,0.006979849478028648
2189,0.006858460791454237
2190,0.011046370478271426
2191,0.009225540179655257
2192,0.015810876426317066
2193,0.011046370478271426
2194,0.01153192522456907
2195,0.00798130614226754
2196,0.013079630978392813
2197,0.013018936635105609
2198,0.012199563000728332
2199,0.006190823015294974
2200,0.012017479970866714
2201,0.007708181597475115
2202,0.011137411993202234
2203,0.013322408351541637
2204,0.007404709881039087
2205,0.0086185967467832
2206,0.00916484583636805
2207,0.008133042000485554
2208,0.008254430687059966
2209,0.009862830784170915
2210,0.011653313911143482
2211,0.013079630978392813
2212,0.008224083515416362
2213,0.011380189366351056
2214,0.011805049769361496
2215,0.010500121388686574
2216,0.011228453508133042
2217,0.011714008254430686
2218,0.005917698470502549
2219,0.01584122359796067
2220,0.008436513716921583
2221,0.013656227239621267
2222,0.006585336246661811
2223,0.011835396941005098
2224,0.010530468560330178
2225,0.009862830784170915
2226,0.008922068463219229
2227,0.012047827142510318
2228,0.010621510075260986
2229,0.0066156834183054136
2230,0.012685117747025977
2231,0.005978392813789755
2232,0.008770332605001215
2233,0.007829570284049526
2234,0.008891721291575625
2235,0.009650400582665695
2236,0.01098567613498422
2237,0.009437970381160475
2238,0.010105608157319737
2239,0.013747268754552075
2240,0.00819373634377276
2241,0.006281864530225783
2242,0.009468317552804079
2243,0.008133042000485554
2244,0.007556445739257101
2245,0.007738528769118718
2246,0.01098567613498422
2247,0.01056081573197378
2248,0.006221170186938577
2249,0.010105608157319737
2250,0.010803593105122602
2251,0.009195193008011653
2252,0.010135955328963341
2253,0.0065246419033746055
2254,0.010894634620053412
2255,0.009559359067734887
2256,0.012685117747025977
2257,0.013109978150036417
2258,0.014141781985918912
2259,0.008224083515416362
2260,0.009225540179655257
2261,0.00873998543335761
2262,0.011805049769361496
2263,0.01271546491866958
2264,0.006919155134741442
2265,0.013565185724690459
2266,0.009073804321437243
2267,0.009225540179655257
2268,0.012533381888807963
2269,0.009953872299101723
2270,0.008284777858703568
2271,0.010803593105122602
2272,0.009862830784170915
2273,0.011562272396212672
2274,0.01098567613498422
2275,0.01098567613498422
2276,0.007556445739257101
2277,0.009255887351298859
2278,0.017328235008497207
2279,0.01110706482155863
2280,0.009984219470745327
2281,0.01411143481427531
2282,0.009498664724447681
2283,0.012563729060451567
2284,0.010924981791697014
2285,0.009346928866229667
2286,0.011167759164845836
2287,0.009316581694586065
2288,0.01098567613498422
2289,0.011592619567856276
2290,0.00743505705268269
2291,0.01714615197863559
2292,0.014141781985918912
2293,0.010257344015537751
2294,0.010773245933479
2295,0.012442340373877155
2296,0.008254430687059966
2297,0.014202476329206118
2298,0.008224083515416362
2299,0.01377761592619568
2300,0.012654770575382375
2301,0.00819373634377276
2302,0.010864287448409808
2303,0.010075260985676135
2304,0.009832483612527313
2305,0.005917698470502549
2306,0.008436513716921583
2307,0.010924981791697014
2308,0.009316581694586065
2309,0.010075260985676135
2310,0.00722262685117747
2311,0.010105608157319737
2312,0.014354212187424132
2313,0.009862830784170915
2314,0.012138868657441126
2315,0.007192279679533868
2316,0.012411993202233552
2317,0.006919155134741442
2318,0.013018936635105609
2319,0.011228453508133042
2320,0.009862830784170915
2321,0.011076717649915028
2322,0.008133042000485554
2323,0.013565185724690459
2324,0.009407623209516873
2325,0.007829570284049526
2326,0.011380189366351056
2327,0.01229060451565914
2328,0.009043457149793639
2329,0.011137411993202234
2330,0.008679291090070405
2331,0.0065246419033746055
2332,0.012927895120174799
2333,0.008557902403495994
2334,0.006403253216800194
2335,0.01153192522456907
2336,0.010894634620053412
2337,0.007526098567613498
2338,0.012017479970866714
2339,0.012381646030589949
2340,0.009468317552804079
2341,0.01131949502306385
2342,0.010712551590191794
2343,0.008497208060208788
2344,0.010318038358824957
2345,0.006797766448167031
2346,0.013474144209759651
2347,0.009832483612527313
2348,0.009529011896091285
2349,0.014961155620296188
2350,0.009346928866229667
2351,0.008800679776644817
2352,0.007010196649672251
2353,0.008800679776644817
2354,0.012472687545520757
2355,0.01098567613498422
2356,0.010135955328963341
2357,0.013443797038116047
2358,0.009498664724447681
2359,0.007040543821315854
2360,0.01262442340373877
2361,0.008709638261714009
2362,0.009953872299101723
2363,0.010894634620053412
2364,0.009286234522942461
2365,0.013049283806749211
2366,0.013109978150036417
2367,0.012594076232095169
2368,0.007313668366108279
2369,0.009923525127458121
2370,0.014748725418790968
2371,0.010075260985676135
2372,0.006403253216800194
2373,0.009104151493080845
2374,0.010166302500606943
2375,0.008133042000485554
2376,0.008315125030347172
2377,0.014839766933721778
2378,0.013383102694828841
2379,0.011410536537994658
2380,0.01207817431415392
2381,0.008133042000485554
2382,0.016933721777130373
2383,0.00798130614226754
2384,0.007283321194464676
2385,0.016630250060694345
2386,0.01034838553046856
2387,0.010621510075260986
2388,0.007313668366108279
2389,0.011167759164845836
2390,0.0067067249332362225
2391,0.015264627336732216
2392,0.005948045642146152
2393,0.013201019664967225
2394,0.010742898761835398
2395,0.010742898761835398
2396,0.011440883709638262
2397,0.012320951687302743
2398,0.01098567613498422
2399,0.006190823015294974
2400,0.015689487739742655
2401,0.01056081573197378
2402,0.010166302500606943
2403,0.007890264627336732
2404,0.0118657441126487
2405,0.008922068463219229
2406,0.00819373634377276
2407,0.009711094925952901
2408,0.009953872299101723
2409,0.011835396941005098
2410,0.011137411993202234
2411,0.008072347657198348
2412,0.009680747754309299
2413,0.013443797038116047
2414,0.010773245933479
2415,0.012988589463462005
2416,0.010864287448409808
2417,0.015659140568099052
2418,0.010287691187181355
2419,0.007344015537751882
2420,0.013170672493323623
2421,0.008466860888565186
2422,0.01098567613498422
2423,0.011471230881281864
2424,0.015871570769604274
2425,0.012260257344015538
2426,0.00798130614226754
2427,0.009984219470745327
2428,0.009711094925952901
2429,0.011926438455935906
2430,0.01131949502306385
2431,0.011592619567856276
2432,0.008891721291575625
2433,0.012138868657441126
2434,0.00819373634377276
2435,0.010044913814032531
2436,0.00528040786598689
2437,0.011471230881281864
2438,0.008345472201990774
2439,0.011622966739499878
2440,0.009711094925952901
2441,0.013352755523185239
2442,0.012654770575382375
2443,0.00840616654527798
2444,0.008770332605001215
2445,0.008436513716921583
2446,0.009923525127458121
2447,0.008102694828841952
2448,0.00873998543335761
2449,0.009711094925952901
2450,0.009437970381160475
2451,0.007586792910900704
2452,0.011440883709638262
2453,0.009953872299101723
2454,0.014354212187424132
2455,0.009498664724447681
2456,0.010166302500606943
2457,0.013292061179898033
2458,0.008011653313911144
2459,0.016326778344258316
2460,0.01119810633648944
2461,0.012806506433600389
2462,0.0067067249332362225
2463,0.007799223112405924
2464,0.011137411993202234
2465,0.011046370478271426
2466,0.008557902403495994
2467,0.008831026948288419
2468,0.016023306627822288
2469,0.009650400582665695
2470,0.013352755523185239
2471,0.009650400582665695
2472,0.01119810633648944
2473,0.01131949502306385
2474,0.01635712551590192
2475,0.01056081573197378
2476,0.010409079873755766
2477,0.008679291090070405
2478,0.011410536537994658
2479,0.010621510075260986
2480,0.013140325321680019
2481,0.01229060451565914
2482,0.011926438455935906
2483,0.009771789269240107
2484,0.008831026948288419
2485,0.009832483612527313
2486,0.009013109978150037
2487,0.007829570284049526
2488,0.009437970381160475
2489,0.011167759164845836
2490,0.01034838553046856
2491,0.008497208060208788
2492,0.008497208060208788
2493,0.00916484583636805
2494,0.011714008254430686
2495,0.010166302500606943
2496,0.009134498664724447
2497,0.011410536537994658
2498,0.00688880796309784
2499,0.012897547948531197
2500,0.011683661082787084
2501,0.01283685360524399
2502,0.010196649672250545
2503,0.006008739985433357
2504,0.01174435542607429
2505,0.008466860888565186
2506,0.00873998543335761
2507,0.010591162903617383
2508,0.006797766448167031
2509,0.012260257344015538
2510,0.007283321194464676
2511,0.009984219470745327
2512,0.009043457149793639
2513,0.009104151493080845
2514,0.009073804321437243
2515,0.011349842194707454
2516,0.00873998543335761
2517,0.012654770575382375
2518,0.017965525613012866
2519,0.014718378247147366
2520,0.01520393299344501
2521,0.012229910172371935
2522,0.00895241563486283
2523,0.01195678562757951
2524,0.010500121388686574
2525,0.014839766933721778
2526,0.011258800679776644
2527,0.011349842194707454
2528,0.011835396941005098
2529,0.011440883709638262
2530,0.011592619567856276
2531,0.009893177955814517
2532,0.008163389172129158
2533,0.010591162903617383
2534,0.011349842194707454
2535,0.016660597232337947
2536,0.006312211701869385
2537,0.008102694828841952
2538,0.012685117747025977
2539,0.01432386501578053
2540,0.009346928866229667
2541,0.010864287448409808
2542,0.0066156834183054136
2543,0.009650400582665695
2544,0.010955328963340616
2545,0.01250303471716436
2546,0.008982762806506433
2547,0.008922068463219229
2548,0.008042000485554746
2549,0.014718378247147366
2550,0.012988589463462005
2551,0.007161932507890265
2552,0.011410536537994658
2553,0.01229060451565914
2554,0.009468317552804079
2555,0.011349842194707454
2556,0.011622966739499878
2557,0.011137411993202234
2558,0.012533381888807963
2559,0.008466860888565186
2560,0.01034838553046856
2561,0.010469774217042972
2562,0.009255887351298859
2563,0.009498664724447681
2564,0.006281864530225783
2565,0.011501578052925468
2566,0.012867200776887595
2567,0.01283685360524399
2568,0.010621510075260986
2569,0.01043942704539937
2570,0.008709638261714009
2571,0.015780529254673464
2572,0.009225540179655257
2573,0.009559359067734887
2574,0.00937727603787327
2575,0.010682204418548192
2576,0.010409079873755766
2577,0.00937727603787327
2578,0.009650400582665695
2579,0.008679291090070405
2580,0.008466860888565186
2581,0.012685117747025977
2582,0.007708181597475115
2583,0.010166302500606943
2584,0.013170672493323623
2585,0.005826656955571741
2586,0.008982762806506433
2587,0.010135955328963341
2588,0.008770332605001215
2589,0.007950958970623938
2590,0.011562272396212672
2591,0.009043457149793639
2592,0.010924981791697014
2593,0.007070890992959456
2594,0.013170672493323623
2595,0.030316824471959214
2596,0.008163389172129158
2597,0.012047827142510318
2598,0.008891721291575625
2599,0.013443797038116047
2600,0.010166302500606943
2601,0.008254430687059966
2602,0.010166302500606943
2603,0.008284777858703568
2604,0.012351298858946346
2605,0.011410536537994658
2606,0.00958970623937849
2607,0.00937727603787327
2608,0.008557902403495994
2609,0.009559359067734887
2610,0.009893177955814517
2611,0.008284777858703568
2612,0.012745812090313183
2613,0.01131949502306385
2614,0.00873998543335761
2615,0.011683661082787084
2616,0.00958970623937849
2617,0.01110706482155863
2618,0.010378732702112163
2619,0.011258800679776644
2620,0.014779072590434572
2621,0.008497208060208788
2622,0.015810876426317066
2623,0.009650400582665695
2624,0.006160475843651371
2625,0.007374362709395484
2626,0.008648943918426803
2627,0.013929351784413693
2628,0.008800679776644817
2629,0.008982762806506433
2630,0.008102694828841952
2631,0.008648943918426803
2632,0.009195193008011653
2633,0.005705268268997329
2634,0.009468317552804079
2635,0.008709638261714009
2636,0.0066763777615926195
2637,0.00873998543335761
2638,0.011228453508133042
2639,0.00743505705268269
2640,0.010044913814032531
2641,0.00873998543335761
2642,0.008709638261714009
2643,0.006099781500364166
2644,0.009286234522942461
2645,0.009316581694586065
2646,0.01195678562757951
2647,0.0064942947317310025
2648,0.00937727603787327
2649,0.00819373634377276
2650,0.010287691187181355
2651,0.01529497450837582
2652,0.011228453508133042
2653,0.009771789269240107
2654,0.007890264627336732
2655,0.012229910172371935
2656,0.008831026948288419
2657,0.009498664724447681
2658,0.008315125030347172
2659,0.010378732702112163
2660,0.013807963097839281
2661,0.007829570284049526
2662,0.011380189366351056
2663,0.005705268268997329
2664,0.0086185967467832
2665,0.014263170672493324
2666,0.011258800679776644
2667,0.010500121388686574
2668,0.009923525127458121
2669,0.012320951687302743
2670,0.00895241563486283
2671,0.01377761592619568
2672,0.008133042000485554
2673,0.013656227239621267
2674,0.011258800679776644
2675,0.007950958970623938
2676,0.013474144209759651
2677,0.009346928866229667
2678,0.011349842194707454
2679,0.010378732702112163
2680,0.012381646030589949
2681,0.00980213644088371
2682,0.008466860888565186
2683,0.012260257344015538
2684,0.01368657441126487
2685,0.009984219470745327
2686,0.008102694828841952
2687,0.012685117747025977
2688,0.00937727603787327
2689,0.013018936635105609
2690,0.010712551590191794
2691,0.00958970623937849
2692,0.01972566156834183
2693,0.006221170186938577
2694,0.013383102694828841
2695,0.00852755523185239
2696,0.00980213644088371
2697,0.00852755523185239
2698,0.011167759164845836
2699,0.007738528769118718
2700,0.010773245933479
2701,0.010105608157319737
2702,0.014779072590434572
2703,0.009316581694586065
2704,0.009923525127458121
2705,0.010894634620053412
2706,0.011501578052925468
2707,0.00603908715707696
2708,0.012806506433600389
2709,0.010318038358824957
2710,0.010409079873755766
2711,0.01098567613498422
2712,0.008861374119932023
2713,0.013838310269482883
2714,0.008770332605001215
2715,0.011440883709638262
2716,0.01195678562757951
2717,0.02166788055353241
2718,0.011380189366351056
2719,0.007040543821315854
2720,0.00873998543335761
2721,0.009468317552804079
2722,0.0118657441126487
2723,0.009529011896091285
2724,0.007920611798980334
2725,0.01635712551590192
2726,0.010196649672250545
2727,0.013322408351541637
2728,0.011258800679776644
2729,0.009953872299101723
2730,0.010833940276766206
2731,0.010651857246904588
2732,0.016144695314396697
2733,0.00603908715707696
2734,0.009741442097596503
2735,0.00840616654527798
2736,0.012867200776887595
2737,0.009559359067734887
2738,0.010500121388686574
2739,0.007374362709395484
2740,0.005765962612284535
2741,0.012138868657441126
2742,0.008224083515416362
2743,0.010773245933479
2744,0.007495751395969896
2745,0.009832483612527313
2746,0.008709638261714009
2747,0.010166302500606943
2748,0.00937727603787327
2749,0.011076717649915028
2750,0.007920611798980334
2751,0.009316581694586065
2752,0.012897547948531197
2753,0.00958970623937849
2754,0.0086185967467832
2755,0.008436513716921583
2756,0.012988589463462005
2757,0.009073804321437243
2758,0.011562272396212672
2759,0.007556445739257101
2760,0.010409079873755766
2761,0.011167759164845836
2762,0.011046370478271426
2763,0.009346928866229667
2764,0.007283321194464676
2765,0.007495751395969896
2766,0.009316581694586065
2767,0.01022699684389415
2768,0.010196649672250545
2769,0.007890264627336732
2770,0.011987132799223112
2771,0.012806506433600389
2772,0.008557902403495994
2773,0.010318038358824957
2774,0.009741442097596503
2775,0.009953872299101723
2776,0.010742898761835398
2777,0.010621510075260986
2778,0.010742898761835398
2779,0.008042000485554746
2780,0.010469774217042972
2781,0.010135955328963341
2782,0.00895241563486283
2783,0.008072347657198348
2784,0.013018936635105609
2785,0.008284777858703568
2786,0.006828113619810634
2787,0.010378732702112163
2788,0.007738528769118718
2789,0.012199563000728332
2790,0.01131949502306385
2791,0.0066763777615926195
2792,0.010105608157319737
2793,0.010864287448409808
2794,0.012563729060451567
2795,0.010166302500606943
2796,0.016448167030832725
2797,0.009316581694586065
2798,0.008163389172129158
2799,0.0065549890750182084
2800,0.008436513716921583
2801,0.005917698470502549
2802,0.01153192522456907
2803,0.011562272396212672
2804,0.010682204418548192
2805,0.010044913814032531
2806,0.00958970623937849
2807,0.008982762806506433
2808,0.013383102694828841
2809,0.012897547948531197
2810,0.00916484583636805
2811,0.009741442097596503
2812,0.008648943918426803
2813,0.009711094925952901
2814,0.00873998543335761
2815,0.00937727603787327
2816,0.014627336732216558
2817,0.008770332605001215
2818,0.009104151493080845
2819,0.008648943918426803
2820,0.008497208060208788
2821,0.01647851420247633
2822,0.013443797038116047
2823,0.009346928866229667
2824,0.010166302500606943
2825,0.011562272396212672
2826,0.010469774217042972
2827,0.00852755523185239
2828,0.014688031075503764
2829,0.009073804321437243
2830,0.009346928866229667
2831,0.008831026948288419
2832,0.008011653313911144
2833,0.012806506433600389
2834,0.011835396941005098
2835,0.011076717649915028
2836,0.012533381888807963
2837,0.008375819373634377
2838,0.009134498664724447
2839,0.010257344015537751
2840,0.009650400582665695
2841,0.00743505705268269
2842,0.008042000485554746
2843,0.0086185967467832
2844,0.007192279679533868
2845,0.008011653313911144
2846,0.007161932507890265
2847,0.008042000485554746
2848,0.010166302500606943
2849,0.009134498664724447
2850,0.014779072590434572
2851,0.01022699684389415
2852,0.010803593105122602
2853,0.01262442340373877
2854,0.010166302500606943
2855,0.009711094925952901
2856,0.010621510075260986
2857,0.011562272396212672
2858,0.011622966739499878
2859,0.011471230881281864
2860,0.008466860888565186
2861,0.008557902403495994
2862,0.015355668851663024
2863,0.0086185967467832
2864,0.008163389172129158
2865,0.009043457149793639
2866,0.008436513716921583
2867,0.014414906530711338
2868,0.010166302500606943
2869,0.006281864530225783
2870,0.00980213644088371
2871,0.010318038358824957
2872,0.010924981791697014
2873,0.008679291090070405
2874,0.011046370478271426
2875,0.009013109978150037
2876,0.008163389172129158
2877,0.009498664724447681
2878,0.009711094925952901
2879,0.00958970623937849
2880,0.017631706724933235
2881,0.010409079873755766
2882,0.013807963097839281
2883,0.006919155134741442
2884,0.00798130614226754
2885,0.010409079873755766
2886,0.008557902403495994
2887,0.011987132799223112
2888,0.013959698956057295
2889,0.010044913814032531
2890,0.009104151493080845
2891,0.009286234522942461
2892,0.010894634620053412
2893,0.011562272396212672
2894,0.010075260985676135
2895,0.011926438455935906
2896,0.012563729060451567
2897,0.007920611798980334
2898,0.008315125030347172
2899,0.011622966739499878
2900,0.009286234522942461
2901,0.015992959456178683
2902,0.010742898761835398
2903,0.008648943918426803
2904,0.0118657441126487
2905,0.009255887351298859
2906,0.009437970381160475
2907,0.009741442097596503
2908,0.010318038358824957
2909,0.011289147851420248
2910,0.009650400582665695
2911,0.008679291090070405
2912,0.009225540179655257
2913,0.007799223112405924
2914,0.013352755523185239
2915,0.01174435542607429
2916,0.008315125030347172
2917,0.008436513716921583
2918,0.011167759164845836
2919,0.00852755523185239
2920,0.018815246419033746
2921,0.009104151493080845
2922,0.01110706482155863
2923,0.01001456664238893
2924,0.007950958970623938
2925,0.0067370721048798255
2926,0.008497208060208788
2927,0.021060937120660355
2928,0.011896091284292304
2929,0.009316581694586065
2930,0.01681233309055596
2931,0.012745812090313183
2932,0.006130128672007769
2933,0.012199563000728332
2934,0.011076717649915028
2935,0.01034838553046856
2936,0.009529011896091285
2937,0.007829570284049526
2938,0.010075260985676135
2939,0.009225540179655257
2940,0.010318038358824957
2941,0.00819373634377276
2942,0.010621510075260986
2943,0.011926438455935906
2944,0.00916484583636805
2945,0.006190823015294974
2946,0.007556445739257101
2947,0.009073804321437243
2948,0.0066156834183054136
2949,0.011471230881281864
2950,0.0064639475600873995
2951,0.009437970381160475
2952,0.007890264627336732
2953,0.009195193008011653
2954,0.01098567613498422
2955,0.013807963097839281
2956,0.008679291090070405
2957,0.01229060451565914
2958,0.012563729060451567
2959,0.006767419276523428
2960,0.009832483612527313
2961,0.011410536537994658
2962,0.0067370721048798255
2963,0.011410536537994658
2964,0.010955328963340616
2965,0.009468317552804079
2966,0.011289147851420248
2967,0.008224083515416362
2968,0.014961155620296188
2969,0.007556445739257101
2970,0.008315125030347172
2971,0.006979849478028648
2972,0.006858460791454237
2973,0.008588249575139597
2974,0.014141781985918912
2975,0.009984219470745327
2976,0.010621510075260986
2977,0.006008739985433357
2978,0.008345472201990774
2979,0.010166302500606943
2980,0.01368657441126487
2981,0.011471230881281864
2982,0.008831026948288419
2983,0.008588249575139597
2984,0.012260257344015538
2985,0.008436513716921583
2986,0.01001456664238893
2987,0.009316581694586065
2988,0.012563729060451567
2989,0.01562879339645545
2990,0.01377761592619568
2991,0.009286234522942461
2992,0.01131949502306385
2993,0.008102694828841952
2994,0.010196649672250545
2995,0.007101238164603059
2996,0.01596261228453508
2997,0.012017479970866714
2998,0.010318038358824957
2999,0.010742898761835398
3000,0.011471230881281864
3001,0.018026219956300073
3002,0.008284777858703568
3003,0.008891721291575625
3004,0.011380189366351056
3005,0.009620053411022093
3006,0.010682204418548192
3007,0.009468317552804079
3008,0.007404709881039087
3009,0.007708181597475115
3010,0.011349842194707454
3011,0.011835396941005098
3012,0.0067067249332362225
3013,0.010469774217042972
3014,0.009498664724447681
3015,0.01250303471716436
3016,0.011046370478271426
3017,0.009225540179655257
3018,0.009620053411022093
3019,0.005401796552561301
3020,0.008831026948288419
3021,0.00852755523185239
3022,0.007708181597475115
3023,0.01001456664238893
3024,0.01022699684389415
3025,0.008891721291575625
3026,0.01001456664238893
3027,0.011562272396212672
3028,0.01262442340373877
3029,0.008042000485554746
3030,0.01153192522456907
3031,0.009316581694586065
3032,0.00743505705268269
3033,0.004066521000242777
3034,0.008163389172129158
3035,0.010044913814032531
3036,0.007677834425831512
3037,0.009195193008011653
3038,0.011896091284292304
3039,0.00785991745569313
3040,0.009316581694586065
3041,0.015325321680019422
3042,0.011562272396212672
3043,0.010773245933479
3044,0.01432386501578053
3045,0.010591162903617383
3046,0.008072347657198348
3047,0.01001456664238893
3048,0.015810876426317066
3049,0.007344015537751882
3050,0.007161932507890265
3051,0.01174435542607429
3052,0.00764748725418791
3053,0.006949502306385045
3054,0.011562272396212672
3055,0.013201019664967225
3056,0.007708181597475115
3057,0.008557902403495994
3058,0.008072347657198348
3059,0.01056081573197378
3060,0.008163389172129158
3061,0.014596989560572954
3062,0.01022699684389415
3063,0.010682204418548192
3064,0.007161932507890265
3065,0.009559359067734887
3066,0.008345472201990774
3067,0.008375819373634377
3068,0.01119810633648944
3069,0.009013109978150037
3070,0.0067067249332362225
3071,0.009650400582665695
