latent,x,y
0,-0.18809067,-0.052625928
1,-0.23252267,0.058823224
2,0.14646035,0.091803834
3,0.09539117,0.09772266
4,-0.013450755,-0.033175293
5,-0.029126815,0.1902305
6,-0.14623784,-0.070148215
7,-0.16401851,-0.099935144
8,0.058575135,0.13980047
9,-0.025313746,0.05658238
10,0.036079183,-0.0714067
11,0.017888378,-0.057963584
12,-0.03149851,0.13470022
13,0.055392623,-0.11421267
14,0.05680321,0.01553468
15,-0.18405019,0.013283535
16,-0.14725389,0.049632214
17,0.058222193,0.00924403
18,0.02963815,0.021644548
19,0.032369457,0.1198675
20,-0.02425819,0.013482826
21,-0.097798884,-0.0301246
22,0.19941175,-0.08697896
23,0.109484695,0.13206127
24,-0.006530705,0.08842593
25,-0.17549463,0.04123163
26,0.05312345,-0.17359124
27,0.1259868,-0.0022535068
28,0.078597456,-0.0052926484
29,0.08738264,0.0038326532
30,0.11933811,-0.060393136
31,-0.06500112,0.061421547
32,-0.062398463,0.14578135
33,-0.019165797,-0.013546051
34,-0.00996621,-0.040446114
35,0.032030962,0.0007024389
36,0.09039108,-0.040310964
37,-0.07864677,0.031050077
38,-0.13745433,0.0063219257
39,0.24737997,-0.04829031
40,0.12324913,0.068845294
41,0.08692568,-0.048681162
42,0.032115616,-0.00048758776
43,-0.008076541,0.09346723
44,-0.07521826,-0.07005441
45,-0.14483637,0.0026723586
46,0.100934215,0.0549456
47,-0.05315671,-0.042715706
48,-0.042828783,0.051304094
49,0.079213075,0.05112345
50,0.10521279,0.013580365
51,-0.10301136,-0.10793785
52,0.10525658,-0.021160277
53,-0.06440811,-0.012755228
54,0.04502964,0.09411334
55,-0.0071152546,-0.11551049
56,-0.060303546,0.05509225
57,0.093983695,0.016850905
58,0.23803473,0.018219624
59,-0.048358712,-0.15804467
60,0.07747993,0.04316877
61,-0.02109221,-0.062777065
62,-0.105814956,-0.025387255
63,0.037999388,-0.003293045
64,-0.055302832,0.1516909
65,0.01651246,-0.018969199
66,-0.1661035,0.05442561
67,-0.19816996,0.04694595
68,-0.024755951,0.12592989
69,-0.015313822,0.013137344
70,-0.11273488,-0.015853792
71,-0.029669693,0.009886354
72,-0.016258279,-0.053447977
73,-0.09797364,0.12137334
74,-0.04968199,-0.023163738
75,-0.094297305,-0.086324885
76,-0.04617452,-0.049452778
77,0.09159353,0.0039481088
78,-0.107673116,-0.07503141
79,-0.073953636,0.0053036883
80,0.16567302,-0.0056028673
81,-0.012469729,-0.08998038
82,0.045473777,0.15096445
83,0.16610037,0.06290954
84,-0.08542058,-0.053977046
85,0.04728699,0.08110542
86,-0.11900934,-0.07176258
87,0.19101594,-0.12952936
88,-0.17313352,-0.0069295396
89,0.15866949,0.04832726
90,0.056751776,-0.0031878683
91,-0.019837571,0.02140765
92,0.035839245,0.09895506
93,-0.13697222,0.06057888
94,0.02259471,-0.11267309
95,0.17429817,-0.09692692
96,-0.06162254,0.074854754
97,0.16265231,0.06727658
98,0.20535965,0.0026989952
99,-0.010903023,0.038059592
100,0.015386516,0.10117305
101,-0.03835638,0.056901958
102,0.13669167,0.016094267
103,-0.099933274,-0.060263094
104,0.006520301,0.107324034
105,-0.033742063,-0.0065171868
106,0.10174708,0.05204581
107,-0.049178265,0.0732038
108,0.112689815,-0.153286
109,0.05141615,-0.053308167
110,0.09583914,0.06129479
111,0.15524885,-0.0042509404
112,0.10534934,-0.019033058
113,0.112992294,0.07868987
114,-0.11982268,0.09484625
115,0.15651855,0.046834998
116,0.06348199,-0.1591133
117,-0.13038446,-0.011521796
118,-0.10269928,0.032947972
119,-0.004484122,0.0125979455
120,0.0054335715,-0.030986784
121,-0.0893524,0.02268805
122,-0.21696737,-0.17177112
123,0.1095817,0.10787042
124,-0.059568055,-0.062114574
125,0.033936188,-0.0042833583
126,-0.19445321,-0.0035272136
127,0.09574886,-0.17073569
128,-0.0060478267,-0.045281917
129,0.16611089,-0.036217388
130,-0.24789311,-0.0751021
131,-0.019129463,-0.13445102
132,0.07485509,0.044499695
133,0.011190248,0.05295815
134,-0.072945796,-0.08157209
135,0.120526664,-0.1294489
136,0.0496592,-0.115436204
137,0.22607508,-0.008496374
138,0.07622927,-0.041684207
139,-0.0018777943,-0.0007293658
140,-0.019156108,-0.058723275
141,0.031198535,-0.055093486
142,0.26929623,0.030842451
143,0.20639646,0.07293223
144,-0.045791402,0.021365233
145,0.051775135,-0.028759502
146,0.11467989,0.07688264
147,0.15640607,-0.030554995
148,0.08007414,0.061056037
149,-0.12711374,-0.022604736
150,0.045649935,-0.14022473
151,0.046753265,-0.01029484
152,-0.0038653093,0.11315429
153,-0.087108746,0.0207456
154,0.0803446,-0.064230286
155,-0.0094907135,-0.058967892
156,0.032921694,0.11092672
157,0.0010763851,-0.14877047
158,0.04832129,0.0009443612
159,0.005317887,0.02721071
160,-0.056320347,-0.010232533
161,-0.15014273,0.052640714
162,-0.025577165,-0.15899591
163,-0.011909301,-0.100808725
164,-0.015586611,0.053629097
165,0.03673207,-0.1374907
166,-0.17891012,0.086806946
167,0.12558275,-0.092265315
168,-0.13706905,-0.1375941
169,0.19717352,-0.053142447
170,0.09210757,-0.045476917
171,-0.04180489,0.0306621
172,0.041414123,-0.0015325741
173,-0.2076314,-0.013771498
174,-0.036842287,-0.06206306
175,-0.059021134,0.0074283727
176,-0.07353423,-0.073595606
177,-0.033423346,0.1279967
178,-0.022709092,-0.052959777
179,-0.019746952,-0.088839486
180,-0.14620008,-0.073961586
181,-0.026274499,-0.05155292
182,0.08468215,0.012792711
183,0.13265045,-0.05564274
184,0.08137326,-0.09311036
185,-0.021521412,0.023419404
186,-0.24629977,-0.04726769
187,0.053852987,0.14366001
188,0.11864362,-0.022335783
189,-0.06052606,0.0898154
190,0.16438822,-0.03313729
191,-0.1429056,-0.13872375
192,0.12808506,-0.08057191
193,0.03685198,-0.039686274
194,0.019530483,0.00033020892
195,0.09125612,0.06392591
196,-0.006292983,0.10604525
197,0.049975265,0.03735294
198,0.11640548,-0.01602656
199,0.0027611079,0.024537511
200,-0.004740534,-0.02118683
201,0.09344043,-0.05349792
202,-0.23299009,0.028402468
203,-0.14609365,0.04544561
204,-0.06301491,0.009189188
205,-0.18919252,-0.027688535
206,0.17474553,-0.040429294
207,-0.030499207,0.10488851
208,-0.1476983,-0.0729261
209,-0.00906713,-0.07095778
210,0.05568597,0.00093981146
211,0.06331533,-0.050493147
212,0.059022747,0.004665279
213,-0.15395007,0.024028884
214,-0.0059311986,-0.010059501
215,-0.09029404,-0.018337324
216,-0.13214487,-0.0066182497
217,-0.13167869,0.03899546
218,-0.12297425,0.061551172
219,-0.03247655,-0.113389365
220,0.15237866,0.09539053
221,0.097914085,-0.092141844
222,0.051912885,0.015033224
223,-0.17402716,0.03141031
224,0.020984668,0.037159394
225,-0.28326228,0.059195112
226,-0.04566031,0.015573539
227,-0.050843336,-0.120517276
228,0.0014326767,0.057208505
229,0.095508814,-0.053614188
230,0.005706223,-0.053386927
231,-0.23615426,-0.0044071903
232,0.07362424,-0.056216445
233,0.047673836,-0.04636592
234,0.08247972,0.015076294
235,-0.018656783,0.082340784
236,0.00121489,0.035360243
237,-0.12993117,0.03552629
238,0.120201856,-0.0532678
239,-0.025282644,-0.008469145
240,0.10397802,-0.0042420067
241,-0.04219889,-0.020793857
242,0.101401314,0.12242391
243,-0.10413458,0.09510738
244,0.12457086,0.0037393058
245,-0.17319939,0.017649733
246,0.008228698,0.055215314
247,-0.13478638,-0.0016956273
248,-0.19002518,-0.006298477
249,-0.12702017,0.04769346
250,-0.056971285,-0.17413436
251,-0.16737111,0.022192482
252,0.034100436,-0.0438339
253,0.0801269,-0.13797188
254,0.023483936,-0.023150334
255,0.0029798187,-0.08827867
256,0.0451126,-0.03991764
257,-0.07136397,-0.007119191
258,0.15428738,-0.041574832
259,-0.13503507,0.08775805
260,0.18956792,0.011338684
261,-0.04730037,-0.012663836
262,-0.023170311,-0.11590633
263,0.0006252826,0.05423139
264,0.08366904,-0.06785229
265,-0.23904896,0.03786759
266,-0.26847562,0.12795126
267,0.032012217,0.052378662
268,0.13325888,-0.023411231
269,-0.12585974,0.040108915
270,0.087362535,-0.0779648
271,0.07690338,-0.1425325
272,0.14357224,-0.09669914
273,-0.08919072,-0.07229115
274,-0.06545755,0.008114576
275,0.073930494,-0.10930999
276,0.052654624,0.03314638
277,0.15276212,-0.008846619
278,0.032924537,-0.07846061
279,0.10050611,-0.092195325
280,0.08578489,-0.07638195
281,-0.15980332,-0.1340576
282,-0.18462484,0.029232876
283,0.109275945,0.013854924
284,-0.18017761,-0.08122197
285,-0.025872927,0.017966883
286,-0.0569127,0.017846104
287,0.102303386,-0.018078865
288,0.0022717586,0.06305984
289,0.015640458,-0.053233054
290,-0.019425923,-0.1978227
291,0.053996325,0.009937217
292,0.019169264,0.05685557
293,-0.010143629,-0.013097362
294,0.14138862,-0.16684632
295,0.0038622548,0.039528638
296,0.0015185805,0.16440277
297,-0.040567137,-0.088890396
298,0.028824676,-0.047147106
299,-0.012818119,-0.018387876
300,0.031186072,-0.1502724
301,-0.03755093,0.020503538
302,-0.04762748,-0.06567179
303,0.14509298,0.035392538
304,0.08416023,-0.050380763
305,0.08261654,0.0048123044
306,0.11869426,-0.019080728
307,0.00593343,0.0049464554
308,-0.084751174,0.042276308
309,0.105767526,0.011400638
310,-0.068174765,0.08508848
311,0.16031177,-0.02045929
312,-0.031353183,-0.09979124
313,-0.014279119,-0.00361817
314,0.12520064,0.091273315
315,-0.085737325,-0.08516596
316,-0.04808455,-0.16156112
317,-0.036735076,-0.037716344
318,-0.055420052,0.08252763
319,-0.16380651,-0.049998548
320,-0.04557512,-0.044928122
321,0.026296016,-0.07241503
322,0.12173584,0.17345273
323,0.05162604,0.036387175
324,-0.03926908,-0.119139284
325,-0.09467622,-0.037700195
326,-0.029874709,-0.17561592
327,0.09795819,0.15528528
328,0.039967604,0.09462612
329,0.055812668,0.027606519
330,0.011171597,-0.099497594
331,-0.020448696,0.15646559
332,-0.06452076,0.09324845
333,0.03351299,-0.06779491
334,-0.097780116,-0.15433738
335,-0.1772051,0.07549396
336,0.0013486875,-0.11816515
337,-0.068682246,-0.016994445
338,-0.0042610634,-0.03154526
339,-0.113733195,-0.023475166
340,0.15086341,0.1023004
341,0.119466394,0.03250252
342,0.034735408,0.07597734
343,0.07351704,0.066573694
344,-0.115441106,0.009080325
345,-0.059891682,-0.033915788
346,-0.06585639,-0.016118916
347,0.18770938,0.031172287
348,-0.023870496,0.064304866
349,0.11079717,0.07925476
350,0.09347714,-0.13327141
351,0.1362508,0.09341697
352,-0.16614509,-0.06517019
353,-0.24258904,0.012964872
354,0.055906117,0.10054384
355,-0.1386909,-0.029017353
356,-0.0128642,-0.048367314
357,0.053889517,0.058428016
358,-0.100618035,-0.103257544
359,-0.0029947446,-0.013984194
360,0.20111951,-0.040029384
361,0.11316386,0.06901372
362,-0.11294864,-0.120639354
363,0.05438884,0.07225864
364,0.0741701,-0.07205815
365,0.003270841,0.08643782
366,0.25216693,0.11717
367,-0.08094715,-0.10717361
368,0.12184526,0.03135498
369,-0.042741545,-0.07620275
370,-0.12205782,0.062130965
371,-0.038577747,-0.014081839
372,-0.06402146,-0.10922643
373,-0.02684562,0.023539737
374,-0.094694935,-0.027694939
375,-0.093090214,0.084186986
376,0.077198565,0.04114462
377,-0.026373034,-0.12611474
378,0.08689009,-0.08536167
379,0.11674735,-0.048952922
380,-0.20151278,-0.06475627
381,-0.07791628,0.039203055
382,0.08774478,0.04531789
383,0.07202518,0.0030197685
384,-0.019671962,-0.071012996
385,0.0310854,-0.046800904
386,-0.059035223,0.10361767
387,0.3000595,0.10241289
388,-0.11953018,0.07036527
389,0.13099755,-0.17644683
390,0.027650002,-0.013658129
391,0.043257747,-0.082563125
392,0.0479521,-0.09001049
393,-0.11449573,-0.028908974
394,-0.075225696,0.051289324
395,-0.1953389,-0.008085601
396,-0.005192486,0.072252676
397,0.11365689,-0.038633727
398,0.08881931,-0.016922688
399,-0.095184706,0.02928997
400,-0.15368554,0.035393782
401,0.13831814,-0.017545423
402,0.06345792,0.1514215
403,-0.02370448,-7.976492e-05
404,0.008339052,-0.007120321
405,0.0131098805,0.077699855
406,0.051318627,0.001779949
407,-0.07004475,0.061889466
408,-0.1345722,-0.0025600123
409,0.04127184,0.027073301
410,0.13420211,-0.022037499
411,0.026498493,0.12583846
412,-0.11812985,0.030410143
413,0.038745627,-0.029107893
414,-0.2510958,0.054231007
415,0.07304437,0.0112490505
416,0.05567805,-0.0057483763
417,0.07566933,0.14296325
418,0.18952453,-0.0044929963
419,-0.086205944,0.04063843
420,0.04933884,-0.028466212
421,-0.18326966,0.056588247
422,0.15095831,0.041152958
423,0.121248625,-0.031451084
424,-0.05440887,-0.087821215
425,0.017619096,0.05316513
426,0.07165989,-0.14225431
427,0.049909968,0.027148096
428,-0.17092207,0.07014661
429,-0.21688515,0.08810219
430,0.04972397,0.078352764
431,0.030195864,-0.088595375
432,0.123449475,0.088083535
433,0.07481662,-0.07375885
434,-0.028037459,-0.07761575
435,0.08211047,0.07716414
436,-0.007196408,-0.044232223
437,-0.015294631,0.045343485
438,0.18132584,-0.030823275
439,-0.086104624,0.10894466
440,-0.14888237,0.028441273
441,-0.036975645,-0.038141217
442,-0.19439533,-0.03953303
443,-0.10861003,0.010167282
444,0.042093027,0.0008281492
445,-0.105974354,-0.045230616
446,-0.05332197,-0.1437112
447,-0.23405091,0.055720698
448,0.027051521,0.07732611
449,-0.039352413,-0.002656496
450,0.045485537,-0.08832699
451,-0.0899189,-0.1034178
452,-0.15356229,0.01673839
453,0.1251469,-0.018917296
454,0.24529931,-0.06194421
455,0.048334215,-0.014489174
456,0.21253462,-0.054844584
457,-0.17691956,-0.042915974
458,-0.078831725,-0.10312391
459,0.042294856,0.030704694
460,-0.037414648,0.017844023
461,-0.05038689,-0.08693592
462,-0.24439476,0.0053086425
463,0.0039097327,-0.03592306
464,0.11327815,0.02545447
465,0.12263266,0.040470473
466,0.06768485,0.046701122
467,0.20571212,0.05581489
468,0.13189909,0.041144557
469,-0.008671048,0.018270029
470,0.049498774,-0.073743716
471,0.06547698,-0.016192172
472,0.20751613,0.0012190897
473,0.042144217,0.048880916
474,0.0639784,-0.03264765
475,-0.059897274,0.064580366
476,0.079487436,-0.048554845
477,0.026216192,-0.018423958
478,0.15295035,0.007280605
479,-0.068867296,0.11942848
480,0.09539692,0.05620898
481,0.16604851,-0.07900955
482,-0.03517021,0.028257694
483,-0.08671731,0.032797016
484,0.048001755,0.00104088
485,-0.10917885,-0.09016338
486,-0.017886557,-0.064440325
487,0.026684593,-0.007955623
488,0.22953182,0.047468312
489,-0.05521473,0.0927006
490,-0.022891628,0.013005878
491,-0.04703278,-0.06985028
492,-0.32476848,-0.027208429
493,-0.029910155,0.12383912
494,-0.045646425,0.03312162
495,-0.04378759,0.11989421
496,0.11867142,-0.056685537
497,-0.047980763,-0.09025959
498,0.04167627,-0.010357719
499,0.026973428,-0.17509513
500,0.05738966,0.015557187
501,0.118559994,-0.0176506
502,0.069971986,-0.11435284
503,0.052555326,0.086005345
504,0.058035586,0.015432518
505,0.083340906,-0.064188406
506,-0.10986391,0.036667537
507,-0.03885509,-0.07337987
508,0.22867738,0.119294986
509,-0.20883192,-0.003687686
510,0.08139431,0.053966038
511,-0.022408701,-0.051937878
512,-0.18802716,0.04105822
513,0.0511969,0.025377287
514,-0.05686432,-0.038613115
515,-0.07842096,-0.02788453
516,0.13699237,-0.02599446
517,0.11900799,0.022458186
518,0.15324612,-0.01094226
519,-0.22615837,-0.09639504
520,-0.024474071,0.008909953
521,0.033760685,0.02423851
522,-0.1591061,0.018387815
523,-0.0052417163,-0.06558059
524,0.13338828,-0.04258124
525,0.045671266,0.04825344
526,-0.15936905,-0.12918463
527,-0.09373221,0.028404031
528,-0.089646,0.015789602
529,0.091543205,0.080475606
530,0.13162073,0.04321685
531,0.099863395,-0.006676765
532,-0.17346261,0.024157098
533,-0.17428924,0.1335888
534,-0.08727689,0.04021727
535,0.06455847,0.018220123
536,0.066712335,0.07112267
537,0.027236134,-0.0011345987
538,-0.09781344,-0.009337952
539,-0.15697163,-0.087895595
540,0.12266895,0.041773286
541,-0.001482722,0.14084715
542,0.12839796,0.07274197
543,-0.16802718,0.04604878
544,0.14562653,0.079797305
545,0.06357649,-0.00060262403
546,0.062062424,-0.016041303
547,0.015222842,0.015707703
548,0.0013131083,-0.051141005
549,-0.074001946,-0.12089433
550,0.0018296181,0.038921427
551,0.010705825,0.023975033
552,0.13390855,-0.07640552
553,-0.18271428,0.0037381907
554,-0.18978167,0.062077664
555,-0.11282775,0.086769454
556,0.0657721,-0.21093014
557,0.10389793,0.08484341
558,-0.093641184,0.040238198
559,0.07345754,0.021322366
560,-0.061279494,-0.01770513
561,0.031634506,0.042142007
562,-0.059267122,-0.050090343
563,-0.0003766766,-0.12932137
564,0.17367253,0.04285639
565,0.12012314,0.04236667
566,0.02143151,-0.10448175
567,-0.18565361,0.0321703
568,0.13186088,-0.021929596
569,0.16393256,0.031061199
570,0.15898904,0.07070162
571,-0.014300517,0.09115781
572,0.03070572,0.046332523
573,0.13291876,0.006467559
574,-0.10803694,-0.07563926
575,-0.0627572,0.03263294
576,0.08756743,0.05982844
577,-0.015955135,0.095031664
578,-0.21067107,0.12186558
579,-0.07519759,0.0031344604
580,-0.06081835,0.16922
581,0.005622974,0.1287635
582,0.00060574536,0.14778925
583,0.058142208,-0.034774162
584,0.11028383,-0.07083227
585,0.0019231113,0.004341854
586,0.008662504,-0.113276094
587,0.008033251,-0.107092895
588,-0.19603324,-0.06390935
589,-0.038802136,-0.10314649
590,0.17406182,-0.0919936
591,-0.046886917,0.064771265
592,0.0056403577,0.03487841
593,0.0495997,0.007066162
594,0.10396793,-0.006604677
595,0.17189176,-0.03910625
596,-0.032708317,0.07947294
597,-0.116016656,0.012536264
598,0.041962165,-0.061006524
599,0.07318482,0.042690597
600,0.038369376,-0.04195685
601,0.07297871,0.033071972
602,0.04263024,0.07359237
603,-0.14928478,0.08935883
604,0.16743149,0.11176924
605,-0.039130326,-0.024092352
606,-0.061557323,0.021253033
607,-0.029108241,0.07735218
608,-0.017042303,-0.06015017
609,-0.050327793,-0.062704206
610,0.23554873,0.08378621
611,-0.18992609,0.0082012685
612,-0.109381765,-0.01863022
613,0.06321583,0.058867723
614,0.068967074,0.017337447
615,0.01944174,0.078016564
616,-0.19784318,-0.0862341
617,-0.06702506,-0.021550855
618,-0.07959205,0.113558345
619,0.05066274,-0.18598254
620,-0.03466976,0.096613474
621,0.1696352,-0.03429762
622,-0.028214071,-0.056010466
623,0.025973937,0.010252119
624,0.053073276,-0.027032869
625,-0.2105743,0.11379115
626,-0.028812481,-0.047982324
627,0.09423249,-0.030358488
628,0.101004615,-0.013939814
629,0.20457602,0.03185272
630,0.1369173,0.15388848
631,-0.13168181,0.063200995
632,0.024026275,-0.056637738
633,0.06578237,-0.037896663
634,-0.033622548,0.098470174
635,-0.076064855,-0.05207378
636,-0.17621888,-0.18742758
637,-0.028496385,-0.019258417
638,0.16007467,0.0127140805
639,0.11109964,0.017167702
640,-0.056671545,-0.01813528
641,0.032044895,0.10448698
642,0.10974479,-0.041002456
643,-0.04064418,-0.03007037
644,-0.06472917,-0.06265094
645,0.1351375,0.07713554
646,0.1077324,0.13966303
647,0.1825476,0.010058325
648,-0.20925099,-0.09757592
649,-0.17616083,-0.10046515
650,-0.3135206,-0.0597731
651,0.0130021125,-0.04850231
652,-0.2408969,0.055118322
653,0.16110796,0.16345364
654,0.11282487,-0.024364784
655,-0.10506949,0.02613885
656,-0.015686879,0.07097252
657,-0.0046940795,0.01967542
658,0.059002325,0.054809056
659,-0.078367926,0.07879853
660,0.028176682,0.09018678
661,0.12421414,-0.01076452
662,-0.017747704,-0.03095367
663,-0.08272292,-0.084802404
664,0.0024201383,0.060749624
665,0.0154184075,-0.071858585
666,-0.17154045,0.0021431742
667,0.13667522,0.05842004
668,-0.23623717,-0.019893408
669,0.10004128,0.034052562
670,0.0164361,0.08441996
671,0.046765737,-0.015134504
672,0.07754471,0.061301127
673,-0.061352137,-0.04863622
674,0.031344276,0.09710353
675,-0.06011728,-0.021779044
676,0.015618332,0.09771831
677,0.12547503,0.055682324
678,0.044620905,-0.10761143
679,0.15676238,-0.11005373
680,-0.09520573,-0.06359085
681,-0.21401906,-0.079409204
682,-0.005692376,-0.118498184
683,-0.2052224,-0.1424411
684,-0.08737195,0.050523974
685,-0.22618176,0.011390443
686,-0.024002584,-0.038564716
687,0.18457137,0.07292831
688,0.056666512,-0.112097874
689,0.12114491,-0.11349837
690,0.15289646,0.058908116
691,0.009586498,-0.071442366
692,0.243978,0.022815729
693,0.02475083,0.024179261
694,-0.013337712,0.072696716
695,-0.06431631,-0.11419559
696,0.068772,0.13694693
697,-0.10525496,-0.04539602
698,0.03615106,-0.03765751
699,0.084870815,0.0655955
700,-0.22931111,0.11400716
701,-0.04127743,-0.007849953
702,-0.13051468,-0.01571817
703,0.06252548,0.06338878
704,-0.032939952,0.021468613
705,0.02388383,0.038767952
706,-0.13276207,0.0041937
707,0.023901537,0.0835474
708,-0.0129809575,0.0054266662
709,0.102678634,-0.093019105
710,-0.124100305,-0.009560649
711,-0.035823613,0.05362122
712,0.10794552,0.10107023
713,0.041301873,-0.100661695
714,-0.1278617,-0.072438
715,-0.14707701,-0.13233635
716,0.09501928,0.0726453
717,-0.00603835,0.03268023
718,-0.07045193,-0.046665464
719,-0.17675412,-0.015378328
720,0.11396568,0.0076397043
721,0.19757523,0.056205977
722,0.04567327,-0.13649595
723,-0.014558639,-0.0035160948
724,-0.047313306,-0.110165924
725,-0.17018329,0.08313392
726,0.15938757,-0.0936753
727,0.16554339,-0.03862922
728,0.0933377,-0.15094769
729,-0.10015481,0.014234228
730,0.086532176,-0.05578132
731,0.13265833,0.033848442
732,-0.16147469,-0.0036090086
733,-0.015282134,0.060846798
734,-0.011210032,-0.04771951
735,0.05851769,0.060931742
736,0.044369213,0.031239262
737,0.21686243,-0.0664283
738,0.062364142,0.022674536
739,0.14416122,0.03971646
740,0.11609048,-0.099382736
741,-0.022136457,0.03658784
742,-0.18775928,-0.08137551
743,0.13314494,-0.022253292
744,0.033747703,-0.095380016
745,0.16895786,0.006350408
746,0.24096797,-0.078249425
747,-0.0023016196,-0.017370138
748,-0.15828635,-0.06743455
749,-0.03669733,0.11824785
750,0.018219387,-0.011559866
751,-0.05296932,-0.068236455
752,0.0036252541,-0.017002117
753,0.017476339,-0.013534816
754,0.066028774,0.04708258
755,-0.16612627,0.055704217
756,0.107457876,-0.12994656
757,0.14691253,-0.036792193
758,0.09583183,0.033938777
759,-0.12385577,-0.08153789
760,0.18062086,0.032989398
761,0.17289631,-0.03005579
762,0.038679343,-0.030673066
763,-0.17538409,0.062303074
764,-0.021950366,-0.13389698
765,0.018383801,-0.08564652
766,0.05135486,0.0061938977
767,-0.03187243,0.014115464
768,0.025797687,0.07086334
769,0.14694202,0.12168486
770,-0.050606664,-0.043477144
771,0.13804801,0.022151504
772,-0.2644979,0.00025070683
773,0.100528575,-0.09534088
774,0.11615591,-0.04850972
775,-0.06428552,-0.00030932284
776,0.1758563,-0.018870058
777,-0.1474506,-0.07741053
778,0.011087821,-0.042425245
779,0.14075701,-0.069963984
780,-0.026095146,0.08801787
781,0.07750205,0.035835184
782,-0.09942111,-0.078743465
783,-0.03327165,0.050754387
784,0.10553749,0.045424797
785,0.10215597,-0.09856202
786,0.0020436721,-0.020825213
787,0.042735625,-0.06916306
788,-0.034664705,-0.024391975
789,0.019620048,-0.052402962
790,-0.062386114,0.054061376
791,-0.11792858,0.11781504
792,0.027725507,-0.044227026
793,-0.09985156,-0.008612317
794,-0.07069599,-0.0054118633
795,0.096865244,-0.09039181
796,0.037179492,0.021377457
797,-0.069324166,-0.02125908
798,-0.20969313,-0.06824782
799,0.027238771,-0.0017714024
800,-0.14571567,0.011942773
801,0.26169354,0.022680495
802,-0.20632263,0.07161409
803,0.101561226,0.024871346
804,-0.0024628043,-0.034962475
805,-0.16212216,0.056668654
806,-0.046681564,0.11157267
807,0.034036048,0.05866528
808,0.09622631,0.002646218
809,-0.054520153,0.094699584
810,0.21243156,-0.041556783
811,0.035931617,-0.004866834
812,-0.016643729,0.1332339
813,-0.0031544662,-0.029865792
814,-0.021116903,-0.063018814
815,-0.035414767,0.06427496
816,0.16291507,-0.0007856974
817,0.018741325,-0.08938937
818,0.05396176,0.10548262
819,-0.25277016,0.022556162
820,0.11837342,0.026449291
821,0.016732264,0.13891949
822,0.11444186,-0.18597949
823,0.079804584,-0.04431534
824,0.1514911,-0.028971583
825,-0.12539873,-0.017790306
826,-0.028469915,-0.017423483
827,-0.15066418,-0.004386557
828,0.13633382,0.01519373
829,-0.019795703,-0.023224445
830,-0.08142697,0.018646542
831,-0.07870086,-0.032667477
832,0.12616448,0.027429292
833,-0.11715324,0.042820025
834,0.024656845,0.020540299
835,-0.036708288,-0.0035177122
836,0.06299357,-0.051430106
837,-0.1967253,-0.067553185
838,0.08093504,0.057893805
839,-0.14259751,-0.019920342
840,-0.07197195,0.03336986
841,-0.16304427,0.046376705
842,-0.014289696,-0.13640994
843,0.020404812,0.037386537
844,-0.15199769,-0.03895496
845,0.12815757,-0.11049519
846,0.12227367,-0.019293
847,0.0345251,-0.02276243
848,-0.010361366,0.012458323
849,0.0733669,0.014435049
850,-0.11899952,0.075399265
851,-0.099996515,0.041112844
852,-0.13977428,-0.000388702
853,0.09287699,0.0036149682
854,0.17836928,0.0065635606
855,-0.063014746,-0.0022937902
856,-0.048282284,0.029583883
857,-0.13361256,0.031524237
858,-0.14513898,0.043568578
859,0.008867823,0.036920987
860,-0.011479504,0.07885426
861,-0.042718377,0.064605616
862,0.044210885,0.06756743
863,0.060074918,-0.020268647
864,-0.070459425,-0.047873497
865,0.13579418,-0.035510942
866,-0.09283992,0.07204979
867,0.076984406,0.08997814
868,-0.095947936,0.146057
869,0.13285796,-0.012216068
870,-0.19637164,-0.052947298
871,0.21230666,0.018961303
872,-0.060056053,0.10896404
873,0.027078943,0.041443642
874,-0.05111025,-0.028627628
875,0.02812586,-0.04344693
876,0.09047925,-0.03459669
877,0.09136945,-0.03157334
878,-0.03488383,0.028321965
879,-0.028233742,0.03459464
880,0.0827774,0.050550897
881,-0.115060054,-0.14521167
882,0.20438851,-0.03180412
883,-0.097866766,0.0019227536
884,0.08065158,-0.060124453
885,-0.049386848,-0.026123181
886,-0.030862883,0.032933574
887,-0.03737537,0.070831604
888,-0.07534029,0.054100323
889,-0.04117413,-0.08099149
890,0.15260994,-0.04688639
891,0.11024066,0.07249037
892,0.111496784,0.10676494
893,0.016220273,0.11314164
894,0.11249211,0.12532505
895,0.04109533,0.0066207284
896,-0.060727756,0.019037902
897,0.049110565,-0.011793597
898,-0.22194128,0.07254813
899,0.16951828,-0.034560073
900,-0.22030562,0.039006136
901,0.032553792,0.041249737
902,0.088598795,-0.046691403
903,-0.11054142,-0.033200398
904,0.08876768,-0.101678334
905,0.034241397,-0.04081431
906,-0.010365439,0.011169042
907,-0.029597236,0.056891274
908,0.05592941,-0.08276443
909,-0.19745794,0.046113968
910,0.00062581,0.089253865
911,-0.1073672,-0.019861769
912,0.066229425,0.06899345
913,-0.108464934,0.1262837
914,0.09632724,0.07409427
915,0.023421573,-0.024068316
916,-0.08706084,0.09248763
917,0.10687147,0.12708628
918,0.08348967,-0.006361061
919,-0.054161493,0.09305449
920,-0.100351244,0.007458167
921,-0.03289301,0.03418044
922,-0.052554354,-0.05174146
923,-0.014262158,-0.06124231
924,-0.2219119,0.0026340208
925,-0.14040896,-0.028005855
926,0.07689531,0.07245003
927,0.08339756,0.12383606
928,0.042704374,0.003009297
929,-0.10210732,-0.017043725
930,0.18831168,0.053193416
931,0.044582684,-0.003557598
932,-0.14192756,-0.048913687
933,0.06568617,-0.028624374
934,-0.34683695,0.13047382
935,-0.12580998,-0.176147
936,0.0043422473,0.04385951
937,-0.09959886,0.054050166
938,0.08006469,0.07878852
939,-0.04527499,-0.012526932
940,-0.0028476496,-0.010327336
941,-0.029772038,0.021478657
942,0.08574149,0.059690006
943,0.020524083,-0.00024378547
944,0.1283433,0.040578667
945,-0.005374782,0.024398461
946,0.10686937,-0.07798902
947,-0.1830362,-0.14270315
948,-0.0041555357,-0.08594883
949,-0.0062311636,0.043050602
950,-0.05446,-0.09167661
951,-0.08101516,-0.05349134
952,-0.008509821,0.12340027
953,-0.02763226,0.1716747
954,0.010247359,0.009539892
955,0.010038847,-0.013272082
956,0.082487784,-0.10564631
957,-0.10114614,0.15345559
958,0.014622788,0.030266954
959,-0.17351294,0.119984366
960,0.07723403,-0.084770076
961,0.04947764,-0.06500391
962,0.054529704,0.032587957
963,0.042404495,-0.13058631
964,0.051976275,-0.020130139
965,-0.17037624,-0.040246107
966,0.06969995,-0.05308653
967,0.053231288,0.07917103
968,0.10312124,-0.03691044
969,0.12459772,-0.018461436
970,0.07525544,-0.04808129
971,0.19325753,0.058845367
972,-0.038949873,0.017105963
973,-0.12782769,-0.03294105
974,0.16801149,-0.009914492
975,-0.12089068,-0.05959781
976,0.07252405,0.021158127
977,-0.068429425,0.018159239
978,0.13446505,-0.08658758
979,-0.032094087,-0.0035936888
980,-0.07000092,-0.09883685
981,-0.023905315,0.061737668
982,-0.24539162,0.08151248
983,0.10436496,-0.019384893
984,-0.14159256,0.0520611
985,0.11067373,-0.025867537
986,0.12763347,0.12309821
987,-0.17156868,0.08562748
988,0.040798467,0.011555214
989,0.14436236,0.14072837
990,0.08379458,-0.03452154
991,0.011844074,-0.046687555
992,0.0070514563,-0.052120674
993,0.041131794,0.042403728
994,0.06192193,-0.023073725
995,0.13249633,-0.11607238
996,-0.16390966,-0.009298085
997,0.015061521,-0.091826215
998,-0.065831445,0.13278931
999,-0.0021823486,-0.12894654
1000,-0.14184384,0.011795311
1001,0.18729803,0.1440324
1002,-0.12212467,0.13942207
1003,0.03512751,-0.079024695
1004,-0.0773768,0.0063377516
1005,-0.09045914,-0.13260351
1006,0.14136596,-0.002205187
1007,0.08450407,0.06762671
1008,-0.0044599785,0.016630355
1009,0.055379357,0.03822675
1010,-0.040543474,-0.059788473
1011,0.099112235,0.032971434
1012,-0.1752119,0.017122937
1013,0.20123044,0.09481953
1014,-0.08642996,0.02071692
1015,-0.019992929,0.049106084
1016,-0.25446457,0.06670567
1017,-0.013425553,0.08714054
1018,-0.03249871,0.03973316
1019,0.042232715,-0.078948565
1020,0.02754811,-0.08266675
1021,0.16138932,-0.0064227777
1022,0.16269961,-0.025879627
1023,-0.10910111,0.051214654
1024,0.17148271,-0.07430936
1025,0.010214028,-0.077846915
1026,0.039167672,0.017324457
1027,0.057855178,0.06564847
1028,-0.0132096205,-0.05363331
1029,0.1716515,-0.011521668
1030,0.05572767,0.015276887
1031,0.037988193,-0.034212064
1032,-0.05280712,0.104566425
1033,-0.115259856,-0.091269806
1034,0.123144455,0.19080462
1035,0.031045094,0.078136876
1036,-0.11106404,0.14664361
1037,0.024460446,-0.007249252
1038,0.020762729,-0.02457655
1039,0.10550282,-0.11128698
1040,0.19915868,-0.057089493
1041,-0.11230003,-0.10366846
1042,0.0025983024,-0.038706698
1043,0.101396576,0.15608972
1044,-0.06713446,-0.06781857
1045,-0.26684895,-0.0539616
1046,-0.15949927,-0.017836547
1047,0.15505776,-0.122903734
1048,-0.1003623,0.026107697
1049,-0.026412578,-0.062706724
1050,0.13634275,-0.09153613
1051,0.14870206,-0.096543655
1052,-0.021241317,-0.0137304915
1053,0.01572589,-0.056265205
1054,-0.13551782,-0.07687987
1055,0.25501433,-0.13344808
1056,0.0782101,-0.018286496
1057,0.046648175,-0.03094934
1058,0.032972734,0.019779315
1059,-0.059177514,0.026030676
1060,0.12780334,0.055499114
1061,-0.08558665,-0.06183694
1062,-0.06584118,0.113092214
1063,0.050735533,-0.17496058
1064,0.106771976,-0.032366846
1065,0.115717806,0.06780654
1066,-0.019381352,0.17204072
1067,-0.093909,0.05009562
1068,0.10582664,-0.03667593
1069,-0.08808668,0.040907875
1070,0.14723644,0.070793614
1071,0.12562892,0.010710786
1072,0.12534793,0.13418815
1073,0.25456408,-0.11409984
1074,0.19093616,-0.009047503
1075,0.13710171,0.020366315
1076,0.075261176,0.007870513
1077,-0.112208255,-0.023102164
1078,-0.0020597095,-0.016526949
1079,0.025389768,0.024102103
1080,-0.1316547,0.12989278
1081,0.0018304071,-0.0644001
1082,-0.05350548,-0.06290583
1083,0.03834301,-0.02592691
1084,-0.20207742,0.016240578
1085,-0.23325925,0.008057203
1086,0.00800026,0.025318464
1087,-0.013170682,0.016134957
1088,0.22972105,0.05681132
1089,-0.1867666,-0.08441678
1090,-0.04495092,0.057221565
1091,0.19890778,0.1549359
1092,-0.014294125,0.0696501
1093,-0.12985495,-0.113491215
1094,0.17135927,-0.034369256
1095,-0.011259556,-0.029703176
1096,-0.23013933,-0.096703514
1097,-0.16202633,-0.11899048
1098,0.06949745,-0.029906072
1099,-0.03916783,0.061908964
1100,0.15981445,-0.040702168
1101,0.0963304,-0.15507394
1102,-0.0051862393,0.10205749
1103,-0.042150736,-0.14811462
1104,0.032386523,0.026918408
1105,0.18813491,-0.016281184
1106,-0.20278311,-0.16348207
1107,0.090713985,0.026983935
1108,-0.036025025,-0.115093105
1109,0.00792304,0.0071741813
1110,0.13205472,0.04484749
1111,0.006699829,-0.036436204
1112,-0.005545804,0.16132277
1113,0.0009190925,0.10401263
1114,-0.076434374,0.03011875
1115,-0.029544752,0.08279079
1116,0.23600443,0.084492385
1117,0.10233935,-0.08368379
1118,-0.00415968,0.036939327
1119,-0.018057195,0.010070545
1120,-0.06848462,0.012100932
1121,0.17179422,0.18781641
1122,0.10233886,0.00063289487
1123,0.0811742,-0.017718753
1124,-0.15347013,-0.03746112
1125,0.065306805,-0.010595986
1126,0.049948066,0.092848875
1127,0.0071296273,-0.083962195
1128,0.052766137,-0.00631748
1129,-0.00822623,0.02254149
1130,-0.12067128,0.005512925
1131,0.05609495,0.02730956
1132,-0.030169886,-0.043625057
1133,0.14852971,0.012573199
1134,0.001453941,0.01842715
1135,-0.092740096,-0.045723684
1136,-0.30017877,-0.033977382
1137,-0.024656579,-0.061176307
1138,0.036792092,-0.03726609
1139,-0.05169503,-0.034237232
1140,-0.02303733,0.070184305
1141,0.034120694,0.05671129
1142,0.14418443,0.051982135
1143,-0.1929049,0.07180455
1144,-0.043617412,-0.023538921
1145,-0.06705889,0.056105554
1146,0.077532515,0.06975273
1147,0.011779992,-0.012817008
1148,0.10042549,0.07331958
1149,-0.052535515,0.05010138
1150,-0.035853192,-0.05206126
1151,0.021758879,0.015729867
1152,0.09891627,-0.006394855
1153,0.17050812,-0.032479588
1154,-0.091062464,0.17058082
1155,0.15042458,0.06915856
1156,-0.03803767,-0.02128906
1157,0.20473991,-0.022180798
1158,0.09071149,-0.062231787
1159,0.021316484,-0.11858476
1160,-0.09029979,-0.059442423
1161,-0.03887681,0.046918035
1162,0.016755529,0.01795525
1163,0.021582108,0.016086185
1164,0.054333027,-0.120091654
1165,0.2240527,-0.013515165
1166,0.036492787,-2.350213e-05
1167,0.02852994,0.10257335
1168,0.054505683,-0.035658784
1169,0.062697016,-0.021471828
1170,0.10682687,-0.018874986
1171,0.048765846,-0.057482693
1172,-0.014533697,-0.04462982
1173,-0.11484776,0.0904604
1174,-0.12016933,0.05200882
1175,-0.15714152,-0.08862446
1176,-0.2122251,-0.079692386
1177,0.055333164,-0.019334728
1178,0.064715795,0.009974102
1179,-0.0055563375,0.07711691
1180,0.052498095,0.05384011
1181,0.03860348,-0.0763593
1182,0.09287556,-0.024251968
1183,0.10061941,0.0074915886
1184,-0.20226455,-0.09108755
1185,0.15489341,-0.03906442
1186,-0.15462354,-0.045308404
1187,-0.010497628,-0.015662635
1188,-0.096881375,-0.07507043
1189,0.055665877,-0.08933833
1190,0.19352607,-0.0052047237
1191,0.05991065,0.05875013
1192,0.10015833,-0.06828131
1193,-0.10353604,-0.04723546
1194,-0.17681031,0.040599983
1195,-0.06605682,0.09404471
1196,0.021362895,-0.17125145
1197,-0.03530698,0.039288092
1198,-0.10472202,0.15251309
1199,0.20040748,0.12122066
1200,0.12319001,-0.07705068
1201,-0.100715026,-0.0011878227
1202,-0.027206305,-0.080208726
1203,-0.107307,-0.15307094
1204,-0.21820772,-0.033800405
1205,0.07574377,0.0031656963
1206,0.21471068,0.050181337
1207,0.20393902,0.07351295
1208,0.24136446,-0.08131471
1209,-0.15892352,-0.013626899
1210,0.0635471,0.13787264
1211,0.07183854,0.046936
1212,0.10455758,-0.042027704
1213,-0.102964,0.087447576
1214,0.13488519,-0.04767017
1215,0.02749049,0.10662042
1216,0.1256891,-0.06030189
1217,0.14929952,-0.012436023
1218,-0.14194049,0.14717168
1219,-0.024223903,0.09293201
1220,0.092625976,0.036242552
1221,0.012392695,-0.008046199
1222,-0.10247424,0.118421674
1223,-0.16786411,0.036096282
1224,0.06403473,-0.015121205
1225,0.07863185,-0.00542979
1226,0.03176679,0.06704499
1227,0.05663979,0.015588628
1228,-0.031212142,-0.08085778
1229,-0.1480579,-0.037267
1230,-0.038313955,0.050452195
1231,-0.07365411,0.10145465
1232,-0.04769046,-0.007889267
1233,0.06616154,0.15289855
1234,-0.043571323,0.083716474
1235,-0.096728325,0.045678496
1236,0.058115765,0.021731842
1237,-0.13144192,0.013061422
1238,-0.19903606,0.0043513924
1239,0.24654333,0.06617219
1240,0.058256704,-0.036442317
1241,-0.24942927,0.018083083
1242,0.030443575,0.048260372
1243,-0.037217792,-0.009974842
1244,0.03631452,0.04541507
1245,0.08452503,-0.009437773
1246,0.020281002,-0.08242163
1247,-0.043324847,-0.06119653
1248,0.07005081,-0.043521088
1249,-0.11425558,-0.058054242
1250,0.19164999,-0.044698995
1251,0.13516329,0.08612893
1252,-0.08708029,0.08969092
1253,-0.13312258,-0.10744218
1254,-0.10845287,0.034781165
1255,-0.08848929,-0.00025698513
1256,-0.0738576,-0.11072739
1257,0.06302742,-0.020751832
1258,0.0118539855,0.06677729
1259,0.031805232,0.019789562
1260,-0.16764455,-0.017209705
1261,0.069949634,-0.033788927
1262,-0.11227332,0.058985673
1263,0.02062048,-0.14037518
1264,-0.012584119,0.030298477
1265,0.08793203,0.13914719
1266,0.08245355,0.13543652
1267,0.113345854,0.0010319147
1268,0.23233606,0.09080429
1269,0.15129194,-0.029132705
1270,0.17213555,0.14682075
1271,0.117066346,-0.05038166
1272,-0.21776289,-0.13688764
1273,0.07483215,0.007097919
1274,-0.013455576,-0.022964505
1275,-0.1722564,0.026726173
1276,0.13307649,0.043152776
1277,0.022071421,0.045873
1278,0.087510146,-0.054140817
1279,-0.13695414,-0.025347307
1280,0.10037855,0.07598672
1281,0.13462974,0.061520915
1282,-0.2090715,0.07351659
1283,-0.0002039147,-0.0624203
1284,-0.058305535,-0.08163945
1285,0.15121803,0.07222063
1286,0.026873022,0.16726774
1287,0.0072571733,-0.044209853
1288,-0.06770152,0.12079493
1289,0.04955779,-0.14352816
1290,0.2946917,-0.13675626
1291,0.13478994,-0.05800142
1292,0.07098159,-0.027786458
1293,0.086298175,0.06332134
1294,-0.025717359,-0.10165445
1295,-0.0150371315,0.02129653
1296,0.07658364,0.07784803
1297,-0.1499348,0.09577175
1298,0.23164359,0.033077635
1299,0.062110532,0.07635935
1300,-0.1636508,0.067938596
1301,-0.13654727,-0.085152686
1302,-0.2561389,-0.024881672
1303,0.10427552,-0.07028614
1304,-0.10399074,0.054974474
1305,0.039894152,0.019922059
1306,-0.11873966,-0.009700892
1307,0.15005887,-0.11813224
1308,-0.17377213,-0.12199804
1309,0.038652603,0.039221827
1310,-0.08958888,0.014909194
1311,-0.19487064,0.026252681
1312,-0.15081547,-0.013841247
1313,0.024279123,0.039636265
1314,-0.031234393,-0.07313736
1315,0.04566454,0.021205818
1316,0.14777543,0.046609983
1317,-0.023572432,0.062428586
1318,0.06373336,-0.08664003
1319,-0.15884049,0.08452874
1320,0.03673905,-0.020162491
1321,-0.14873,-0.014845642
1322,-0.1578756,-0.01810623
1323,-0.10898163,-0.12323879
1324,0.027211433,-0.120148346
1325,-0.03943326,0.055628918
1326,-0.085913375,0.09827552
1327,-0.18894032,0.08685557
1328,0.13252805,0.06782632
1329,-0.110199384,-0.0073054894
1330,-0.012424677,0.08266109
1331,-0.23440103,-0.050435714
1332,0.10132136,0.12931903
1333,0.1896632,-0.07724273
1334,0.036840092,0.08181694
1335,-0.1279962,-0.0071106995
1336,0.031281035,0.079708435
1337,-0.12119733,0.049950358
1338,-0.19531551,-0.027971826
1339,0.060676407,-0.105695985
1340,0.043371934,-0.087298155
1341,-0.22667804,0.02287261
1342,0.12854137,-0.014250909
1343,0.0744092,-0.0047780355
1344,-0.07883632,-0.01063675
1345,-0.056161843,-0.07696511
1346,0.03971277,-0.016698362
1347,0.12490262,0.082097024
1348,-0.07486339,0.07242903
1349,0.14496669,0.105109535
1350,0.116565,0.012281303
1351,0.119167686,0.018374208
1352,0.116276175,-0.037718605
1353,-0.09074935,-0.019890277
1354,-0.10245683,0.021913106
1355,0.052465424,-0.03375282
1356,-0.02900423,-0.0737547
1357,0.12521937,0.023080494
1358,-0.2651413,0.026507182
1359,-0.011093414,0.073780544
1360,0.03421729,-0.060000714
1361,-0.021534862,0.00048071536
1362,0.0452016,0.037692793
1363,0.0780579,-0.0023247954
1364,-0.03587086,0.029631276
1365,0.10061377,0.063252024
1366,0.055925786,-0.028774396
1367,0.27015856,0.0018093057
1368,-0.2594112,0.0147666875
1369,0.13604414,-0.07234546
1370,0.010996358,-0.033932857
1371,-0.08565642,-0.08969069
1372,0.113372326,-0.07721968
1373,0.06726374,-0.07428064
1374,0.1321524,0.15230772
1375,-0.1538079,0.14526059
1376,0.14715591,0.008673693
1377,0.026054751,0.086940415
1378,0.031261794,-0.06614538
1379,-0.02286331,0.0054397285
1380,-0.064917624,0.032725964
1381,0.0035083587,-0.016342945
1382,-0.0713332,-0.14105342
1383,0.015536906,-0.007707438
1384,0.0074199825,-0.02380937
1385,0.007923157,-0.02795085
1386,0.1382944,0.017620089
1387,0.03802711,0.099154554
1388,-0.20246021,0.0044329464
1389,-0.1224174,0.09340155
1390,-0.025829364,0.0053097024
1391,-0.01920429,0.13769434
1392,-0.05990653,0.029317621
1393,-0.0069111865,0.011213439
1394,-0.12187757,0.124055125
1395,-0.12310753,-0.0038783422
1396,0.08544991,-0.034494147
1397,-0.04948094,0.013282844
1398,0.1282482,0.042728942
1399,0.19554594,-0.10961057
1400,-0.011102422,-0.048191626
1401,0.15352029,0.06025312
1402,-0.005540016,0.09160112
1403,-0.072101764,0.0015661184
1404,-0.12021461,0.009373718
1405,0.11658358,-0.17333953
1406,-0.10257845,-0.005581867
1407,0.11200435,0.029020252
1408,0.194417,-0.015117194
1409,0.10047854,-0.02911291
1410,0.0595473,0.14494221
1411,-0.020597158,-0.026108708
1412,-0.13272455,0.079123884
1413,0.21090715,-0.032590415
1414,0.007876377,0.016259044
1415,-0.22323203,-0.11704823
1416,0.17822458,-0.033767276
1417,0.19071402,-0.06984265
1418,0.12534375,-0.045510173
1419,0.15041636,-0.06359147
1420,-0.013024794,0.009838634
1421,-0.09180081,0.1654678
1422,0.00856722,0.20120476
1423,-0.060294524,0.02416522
1424,0.07593969,0.045019306
1425,0.052471455,-0.0029984396
1426,-0.002528041,-0.13203967
1427,0.031957187,-0.026047586
1428,-0.0019034189,-0.11707063
1429,-0.028102553,-0.13087913
1430,-0.08927632,0.037005484
1431,-0.143265,-0.039550077
1432,-0.123018876,-0.11108982
1433,0.076330215,-0.10728601
1434,0.047488816,0.06607135
1435,-0.099365726,0.034786493
1436,-0.12574902,0.05007147
1437,-0.0106893815,0.11977375
1438,-0.055926926,0.03889602
1439,0.013300936,-0.037213307
1440,0.02092991,0.16642813
1441,-0.1637509,-0.013437782
1442,0.09928257,0.098274454
1443,-0.19664297,0.014036805
1444,-0.2432388,-0.028242357
1445,0.06751802,-0.012299663
1446,0.21227565,-0.09890559
1447,-0.07266805,-0.16199844
1448,-0.10941498,-0.033308797
1449,0.055928864,0.051060475
1450,0.08654552,-0.030207137
1451,0.034778737,-0.16436574
1452,-0.066285014,0.053386714
1453,-0.088160016,0.10951956
1454,-0.10664874,-0.10828462
1455,0.052234136,0.049379494
1456,0.071013056,-0.07269011
1457,-0.069809146,-0.015053076
1458,-0.1059432,-0.07501706
1459,0.21441112,-0.010934452
1460,-0.017327894,-0.029208263
1461,0.047108274,0.05882516
1462,-0.053777218,0.023333441
1463,0.0003727341,0.11270062
1464,-0.08134427,0.11764341
1465,0.19889529,-0.043409202
1466,0.037158124,0.09862442
1467,-0.06356735,0.045423567
1468,0.008839853,0.10165573
1469,0.018001845,0.040507983
1470,0.23406558,0.08982161
1471,-0.15118821,0.043926004
1472,-0.12659916,0.07252626
1473,-0.008314335,0.0058696372
1474,-0.119546704,-0.13901883
1475,-0.014961075,-0.020436846
1476,-0.060692977,0.026060736
1477,-0.048815046,0.05844715
1478,-0.15417832,-0.01082051
1479,-0.20058346,-0.08779543
1480,0.012856517,-0.046736818
1481,0.17755772,-0.053492326
1482,-0.061648525,-0.16399087
1483,-0.1139639,0.024730856
1484,-0.03617683,-0.004799237
1485,0.21717304,-0.21800594
1486,0.066504546,-0.077790745
1487,0.04945867,0.116226666
1488,0.10554627,-0.009343492
1489,-0.033711646,-0.017190399
1490,-0.013319737,0.09383002
1491,-0.07000617,-0.027070826
1492,0.06380035,-0.03040917
1493,0.03545807,-0.009496171
1494,0.022530066,0.023480112
1495,0.19584578,-0.20744766
1496,-0.005972207,-0.06410368
1497,-0.040811867,-0.05674933
1498,-0.036075372,-0.16424203
1499,-0.05989648,-0.072691895
1500,0.18284278,0.010814398
1501,0.10120528,0.036686357
1502,0.07022705,0.07661391
1503,0.037237704,0.013257763
1504,-0.23840213,0.02226866
1505,-0.04287695,-0.009829915
1506,0.09729169,0.08024554
1507,0.1925354,0.024807122
1508,0.0305567,-0.018484883
1509,0.059863094,0.094374724
1510,0.21041955,-0.14813145
1511,-0.009618516,0.016715763
1512,-0.0358366,-0.0023677656
1513,-0.060827404,-0.021664137
1514,-0.031194367,0.04054568
1515,0.12371055,-0.063635156
1516,0.06077771,0.024449535
1517,0.06381602,-0.034665354
1518,0.095198885,-0.10645401
1519,0.1746048,0.06358481
1520,0.027289348,-0.036155455
1521,0.09892108,-0.010892785
1522,-0.013489908,-0.030051736
1523,-0.13112701,-0.09985263
1524,0.08638397,0.025234194
1525,-0.115811214,-0.032743458
1526,0.12943795,0.03784401
1527,-0.041950718,-0.043533184
1528,-0.15231928,-0.07686171
1529,0.15696868,0.05847176
1530,-0.07619133,-0.055145197
1531,-0.030281676,0.03800541
1532,-0.06423636,0.07282396
1533,-0.08548121,-0.06757377
1534,-0.0959214,0.008239451
1535,0.04222609,-0.00015983795
1536,0.0013725688,0.053980198
1537,0.13758293,0.002298258
1538,-0.07697694,-0.02426412
1539,-0.008217135,-0.0010459604
1540,-0.10982275,-0.08428534
1541,-0.042676233,-0.010936143
1542,-0.2050955,0.01561801
1543,0.10754309,0.020000132
1544,0.14587796,-0.07751706
1545,-0.056644462,0.039840136
1546,0.15195076,-0.08396532
1547,-0.15677169,-0.0028028553
1548,0.00022092531,-0.010008777
1549,0.038629055,0.023103816
1550,-0.28432825,-0.04818534
1551,-0.10479386,-0.06490744
1552,-0.11850471,-0.017271789
1553,-0.00849285,0.022687698
1554,-0.10675711,-0.1332904
1555,-0.037386756,-0.062614255
1556,-0.12754351,-0.03037392
1557,-0.11956862,0.04409569
1558,0.0989626,0.03651074
1559,-0.032129582,-0.05430506
1560,-0.08602804,-0.032971166
1561,-0.024488613,-0.036688097
1562,-0.21914926,0.20207223
1563,-0.09944925,-0.03440725
1564,-0.04319843,0.050328795
1565,-0.20182154,0.078458235
1566,-0.29661432,0.07770134
1567,-0.11695981,-0.033764675
1568,-0.01693121,-0.08964815
1569,0.1441223,-0.058529496
1570,-0.07230065,0.005881497
1571,-0.007271196,-0.043848787
1572,-0.09011228,-0.11711037
1573,-0.012081674,-0.020421725
1574,0.023958942,-0.060606483
1575,0.07720031,0.077559926
1576,0.1834333,-0.005400758
1577,-0.07573039,0.08105841
1578,-0.037538845,0.117600486
1579,0.08785417,0.16957542
1580,0.07707593,-0.031449202
1581,0.09759564,0.03181344
1582,-0.17466187,0.059585575
1583,0.005124623,-0.050937388
1584,0.06566044,-0.093071416
1585,-0.20346506,0.055598844
1586,0.0026703943,0.057861764
1587,-0.24497646,-0.0016923499
1588,0.028400067,-0.021117685
1589,0.028902082,-0.08270032
1590,0.12979661,-0.009621083
1591,0.12973075,0.04418975
1592,0.12064892,0.103490695
1593,-0.1120265,0.039718367
1594,0.114709064,0.063035406
1595,-0.0838685,-0.03374834
1596,0.08085213,0.09557939
1597,-0.015004862,-0.0076949913
1598,0.06916055,0.12528473
1599,0.06660019,0.09420438
1600,0.032756373,0.052518737
1601,0.13491374,0.005675059
1602,0.042814925,0.0035054572
1603,0.09976694,0.06496993
1604,0.102282815,0.036349654
1605,-0.062259268,0.06702643
1606,0.20174477,0.15591174
1607,-0.10082996,-0.01158512
1608,-0.08311868,-0.10461695
1609,0.090105906,0.029389204
1610,-0.0736552,0.0484645
1611,0.19771089,0.11046721
1612,-0.0015599221,0.02152
1613,-0.07500725,-0.14434975
1614,0.021870576,0.105205715
1615,0.08025287,-0.09009884
1616,0.10516844,0.17583272
1617,0.011354468,-0.077995025
1618,-0.081987895,0.016730562
1619,-0.09521243,0.06914677
1620,0.19393991,-0.07983629
1621,-0.08027823,-0.056766234
1622,0.026459625,-0.03570226
1623,0.0041762963,0.023807008
1624,0.09529565,-0.0434124
1625,-0.062483177,0.08606887
1626,-0.014359607,-0.062359072
1627,-0.18784498,-0.060566537
1628,0.0054718885,-0.07042458
1629,-0.097128555,0.080113664
1630,0.11082499,0.06599542
1631,-0.19789681,0.054628897
1632,0.030107405,0.047994193
1633,-0.22555389,-0.0067070588
1634,0.08823784,-0.03041641
1635,-0.1206187,-0.008240183
1636,-0.13476653,0.09758903
1637,-0.18094586,0.0010604373
1638,-0.044696957,-0.02613747
1639,-0.14085773,0.0775254
1640,0.01945781,0.17008686
1641,0.10567941,0.041940287
1642,-0.032266997,-0.065894686
1643,0.1035006,0.050498784
1644,-0.04179366,0.030823002
1645,0.029221948,-0.019706486
1646,-0.13306384,0.12016518
1647,-0.20760976,0.057613842
1648,-0.027283637,0.004471178
1649,-0.1959744,0.07119972
1650,-0.05533748,-0.12484901
1651,0.15074494,-0.054340895
1652,0.09719444,0.00711321
1653,0.042812254,-0.038051493
1654,-0.031304706,0.04623352
1655,-0.0879975,-0.011979599
1656,-0.08500878,0.03163267
1657,0.17065229,0.09443732
1658,0.029751286,-0.05290286
1659,-0.16026446,-0.018604012
1660,-0.032709904,0.007551114
1661,-0.18094493,0.04102237
1662,-0.09889377,-0.037665486
1663,0.039175555,0.05202801
1664,-0.21078515,-0.020302864
1665,0.054907404,0.08074595
1666,0.124007516,0.10337011
1667,-0.042092558,0.025112905
1668,-0.091197856,0.086628
1669,-0.0401186,-0.045671266
1670,-0.090459056,0.06708981
1671,-0.014678695,-0.050507024
1672,0.11242388,0.009741482
1673,0.10062656,0.05302234
1674,0.04254713,-0.11901773
1675,-0.19744617,0.044610996
1676,0.058403865,0.0977963
1677,0.21050712,0.045742083
1678,0.0025327562,0.013136683
1679,0.13436002,0.019053828
1680,-0.1199867,-0.044857673
1681,0.011314899,-0.027773187
1682,0.064865515,-0.06961266
1683,0.061248194,0.116602644
1684,0.17121537,0.023662228
1685,-0.088997215,-0.004199418
1686,0.06212328,0.09194886
1687,0.04637042,-0.057910103
1688,0.060366046,0.045279343
1689,0.061348088,-0.07994112
1690,-0.050699983,-0.015800728
1691,-0.13255276,0.097850755
1692,0.13818523,0.053415205
1693,0.050174426,0.060105767
1694,0.02616311,0.0023282247
1695,-0.021502776,0.0038150167
1696,0.059657764,0.059729863
1697,0.029972216,-0.012963125
1698,-0.06329043,-0.03054201
1699,-0.19912606,0.09711277
1700,0.13024138,0.07937145
1701,-0.09166946,0.0041201925
1702,-0.13156483,-0.030744907
1703,-0.0029998643,0.011152744
1704,-0.1464115,0.1005723
1705,0.16195463,-0.045652654
1706,0.09682326,-0.17160709
1707,-0.089285076,-0.013082608
1708,0.04524821,-0.06980581
1709,-0.021435505,-0.05243004
1710,-0.05417194,-0.053249422
1711,-0.060656726,-0.052265663
1712,0.013359123,0.0075233537
1713,0.0619418,-0.09263331
1714,0.18883617,-0.103767045
1715,-0.11653233,0.031606115
1716,-0.110131875,0.04313811
1717,0.015449012,0.10102956
1718,0.03672056,-0.040041093
1719,0.12050683,0.044506177
1720,-0.03384075,0.019513533
1721,0.09369331,-0.09930369
1722,-0.02952741,-0.10512447
1723,0.02748513,-0.05763527
1724,-0.05309835,-0.09933137
1725,-0.17532225,-0.0126773035
1726,-0.0037959723,0.007869653
1727,-0.059901968,-0.1502242
1728,0.11571708,0.06259188
1729,0.03555066,-0.13763335
1730,0.11823657,-0.01471489
1731,0.007974679,-0.08095156
1732,0.048421923,0.041214187
1733,-0.11664117,-0.008169777
1734,-0.08318997,0.101694696
1735,-0.056247417,-0.0038824708
1736,0.03629152,-0.073686086
1737,0.113002084,-0.15229723
1738,-0.06483398,0.028347792
1739,-0.12811038,0.0013631474
1740,0.057448477,-0.20340955
1741,0.009010999,-0.023512928
1742,-0.08600164,-0.03692942
1743,-0.0045362283,-0.06508691
1744,-0.13105716,0.049120404
1745,0.053007986,0.049427092
1746,-0.055748984,0.0034984036
1747,-0.16147824,0.06878012
1748,0.1841578,0.13031846
1749,0.033875205,0.061068974
1750,0.22290339,-0.15725116
1751,0.120444275,0.057888053
1752,0.10801458,-0.08219284
1753,0.06398379,-0.108038776
1754,0.04061486,-0.084617585
1755,-0.120709114,-0.039730474
1756,-0.014162,0.14486915
1757,-0.014477636,-0.033982564
1758,-0.089675725,0.02476486
1759,-0.0072740056,0.09091979
1760,0.012915587,0.014513595
1761,-0.0055820434,0.032809086
1762,-0.06387162,0.035687517
1763,0.021531655,0.0056827874
1764,-0.12281474,-0.136141
1765,-0.15081356,-0.14431992
1766,0.1434019,0.021802861
1767,0.12659524,0.09605104
1768,-0.015040084,-0.036687534
1769,0.054217897,-0.07939327
1770,0.10240757,0.084046
1771,0.16089466,0.09117458
1772,0.06866602,0.01965398
1773,-0.1636588,0.041332543
1774,-0.036788482,0.05946599
1775,-0.04204257,0.029345607
1776,0.20937216,0.054785445
1777,0.1363296,0.0017518246
1778,0.031373523,0.10800557
1779,-0.0971642,-0.09827982
1780,-0.1883912,-0.07123381
1781,-0.04372833,-0.050443474
1782,0.103407115,0.012498919
1783,-0.031067053,-0.008312376
1784,0.014532982,-0.034354392
1785,0.017344506,0.037403457
1786,0.0064217392,-0.104385376
1787,-0.07760668,0.026588762
1788,0.04547186,0.024233887
1789,-0.07130225,0.04823845
1790,-0.11289336,-0.06717812
1791,-0.024814399,0.08889425
1792,0.07127579,-0.023241889
1793,-0.156789,-0.11994373
1794,-0.03653347,0.02905755
1795,-0.023551878,0.019789342
1796,-0.11235276,-0.112428665
1797,0.071151294,-0.044672146
1798,0.14271046,0.070624344
1799,-0.06518451,-0.015706237
1800,-0.07201604,0.012084713
1801,-0.19348797,-0.021941194
1802,0.18020439,0.05026051
1803,0.089907296,-0.1046987
1804,-0.072767444,0.045257572
1805,0.094623975,-0.013782499
1806,-0.10453876,0.12517242
1807,-0.09446161,0.041234788
1808,-0.22244725,0.008991217
1809,0.13708484,0.083334334
1810,-0.062525116,0.1302233
1811,-0.19051209,0.12073381
1812,-0.014980979,-0.03190805
1813,0.13287285,0.067927204
1814,-0.13506244,0.06090443
1815,-0.027782016,-0.024933917
1816,0.119059145,-0.12130329
1817,-0.06874526,-0.03419113
1818,0.12346304,0.08045169
1819,0.13381645,-0.05522322
1820,0.11083121,-0.0783985
1821,0.0031318446,0.036830157
1822,0.12598677,-0.07407116
1823,-0.1431203,0.08001333
1824,0.25185737,0.117816865
1825,-0.1681828,-0.0072921687
1826,-0.012137598,0.06577637
1827,0.03921371,0.06634389
1828,0.17188531,-0.1526152
1829,0.0672823,0.0050063203
1830,-0.08733494,-0.03564763
1831,0.10629596,0.021124016
1832,-0.13817616,0.052147802
1833,-0.18201132,0.051293116
1834,0.006986064,0.06617536
1835,0.15357347,-0.060060397
1836,-0.0024705597,0.1253992
1837,-0.3069788,-0.059678614
1838,0.2016826,0.21911398
1839,-0.10930032,0.07660727
1840,-0.1231302,-0.0024653212
1841,-0.1611442,-0.06167401
1842,0.07049236,0.04824982
1843,-0.16120012,0.027841391
1844,0.0746621,0.15157816
1845,0.0009232796,0.064738475
1846,-0.2198154,0.030945247
1847,-0.07952315,-0.112175606
1848,0.06731755,-0.0827238
1849,0.04384302,0.03624636
1850,-0.008197786,-0.099565774
1851,-0.10785976,-0.1593229
1852,0.015223447,-0.018467689
1853,0.043593112,-0.0049060765
1854,-0.01098537,0.061363645
1855,-0.12872301,0.07723398
1856,0.08673185,-0.17757547
1857,0.07355331,0.07033461
1858,-0.07876761,-0.0572036
1859,-0.0646977,-0.07875318
1860,0.16071944,0.060595345
1861,-0.14715223,0.044260874
1862,0.062092938,0.13634844
1863,-0.05080051,-0.027017154
1864,0.01943302,0.09902362
1865,-0.17359556,0.05450312
1866,-0.070681706,0.013367183
1867,0.029412821,-0.042016704
1868,-0.1455094,0.028153315
1869,-0.06630703,0.035770755
1870,0.15763152,0.038839206
1871,-0.032302454,0.069886826
1872,-0.19725056,0.018419223
1873,-0.13260041,-0.0029097253
1874,-0.0024650204,-0.044942625
1875,0.15845661,-0.07181635
1876,0.12604381,0.09097007
1877,-0.08007768,0.12919566
1878,-0.24474512,-0.17799954
1879,-0.045415588,-0.085275
1880,0.031970683,0.027724328
1881,0.13286875,0.020228365
1882,-0.059913933,-0.016209908
1883,-0.06442791,0.0719235
1884,0.0019994574,0.049471296
1885,0.016603759,-0.017466929
1886,0.028340394,-0.03507269
1887,-0.026724333,0.07953599
1888,0.13494575,-0.09857434
1889,-0.039793003,0.08367129
1890,0.0598733,0.037193067
1891,-0.07505703,-0.04059698
1892,0.10207542,-0.04658862
1893,0.15794769,0.100643046
1894,-0.22549705,0.0025385814
1895,-0.084739216,-0.043230783
1896,-0.07802576,0.07683344
1897,0.025997099,0.06417337
1898,0.0877621,0.05094166
1899,-0.08584067,0.027708478
1900,-0.06660773,0.031674102
1901,-0.20599379,-0.08176829
1902,-0.07532568,-0.0066981553
1903,-0.013310811,-0.03857471
1904,-0.16221668,0.014968856
1905,-0.20908807,0.063384846
1906,0.020901073,-0.011313134
1907,-0.11898639,-0.0628529
1908,0.07696799,-0.07186108
1909,-0.24204302,0.011552834
1910,0.0335495,-0.098675914
1911,-0.0005091591,-0.057972755
1912,-0.07757504,0.049290415
1913,-0.010631657,-0.1372597
1914,-0.16045463,-0.058838308
1915,-0.14109093,0.017856527
1916,0.110105015,-0.021202179
1917,0.112081826,0.0077209994
1918,0.102352284,-0.08947837
1919,-0.0014326647,-0.10319615
1920,0.10630564,0.044478416
1921,0.038884036,0.08309139
1922,0.048056036,0.072166294
1923,-0.09878225,-0.036409423
1924,-0.13604033,0.07531676
1925,-0.11215405,-0.07982353
1926,-0.07503017,-0.080411635
1927,-0.11798626,-0.14757982
1928,-0.077507906,0.043430146
1929,-0.14654273,0.016095927
1930,0.122516215,-0.040541947
1931,0.13362391,0.0021644682
1932,0.17277038,-0.13954738
1933,0.08537508,-0.025773838
1934,0.17265905,0.03544563
1935,0.042316508,-0.108635336
1936,-0.046023894,-0.008359736
1937,-0.12179521,0.0054674568
1938,-0.00088901207,0.003811479
1939,0.095001005,0.0009999336
1940,0.0467751,-0.041453395
1941,-0.02040512,-0.092682436
1942,0.048347466,0.029099345
1943,-0.22492398,-0.12956329
1944,0.055116877,0.00030916964
1945,-0.045656342,0.071484506
1946,-0.009249971,0.08701154
1947,0.00457315,-0.07560612
1948,0.207827,-0.102260254
1949,-0.112671256,-0.052250613
1950,0.004055323,0.07615437
1951,-0.045766085,-0.09679567
1952,-0.08704831,-0.077222675
1953,0.21501006,-0.00047537003
1954,-0.016215326,-0.038333494
1955,-0.22847576,0.03130153
1956,0.14965907,0.14385533
1957,0.02860344,0.04428942
1958,0.03760374,-0.10547341
1959,-0.0834317,-0.15033309
1960,0.06246459,0.007991603
1961,0.026266603,-0.018341256
1962,-0.023893854,0.11609318
1963,-0.047308456,-0.054983288
1964,0.1719016,0.03707052
1965,-0.020650305,0.06914122
1966,0.007609994,-0.07450582
1967,-0.21368037,0.0046155374
1968,-0.09268253,0.016949251
1969,0.04141986,-0.04697572
1970,-0.20237611,0.15000561
1971,-0.14857493,0.030674309
1972,-0.08792817,0.0047814413
1973,0.015501109,-0.040368337
1974,-0.043420166,-0.087586135
1975,-0.06876729,-0.019412907
1976,0.093039006,0.0121324295
1977,-0.07985502,-0.0074552028
1978,0.13830204,0.06653841
1979,-0.108861476,-0.032555047
1980,0.053635884,0.07745446
1981,-0.13011946,-0.060669985
1982,-0.13345224,0.012249149
1983,-0.03261955,-0.03046028
1984,0.19176519,0.04610175
1985,0.10779794,-0.034840453
1986,-0.0006515101,-0.024854928
1987,-0.1810415,0.05540264
1988,-0.16487356,-0.10007815
1989,-0.075060084,0.08064341
1990,-0.003419863,0.08485264
1991,0.057665303,-0.049052846
1992,-0.14371055,0.0062477677
1993,0.17418092,-0.090581685
1994,-0.2355313,-0.001352015
1995,0.0995775,0.02804898
1996,-0.0500293,0.045863666
1997,-0.18828486,0.048354715
1998,-0.10057263,-0.037638493
1999,-0.101425536,0.0025365646
2000,-0.073045895,0.006005479
2001,0.13428268,0.21357228
2002,0.06360493,-0.08893849
2003,-0.023755154,-0.12228447
2004,-0.2664127,0.11495931
2005,-0.23395513,-0.13059412
2006,0.011839958,0.0887206
2007,-0.027782243,-0.024328472
2008,0.22816937,-0.06647344
2009,0.0063256426,0.09149641
2010,0.06457236,-0.016270777
2011,0.07274504,-0.05888016
2012,0.2383462,-0.051581554
2013,-0.016015327,0.07044769
2014,0.025875945,0.19644767
2015,-0.091299385,0.14299034
2016,-0.0037420904,0.11027555
2017,0.1817118,0.0352496
2018,-0.2160713,0.005115582
2019,-0.15279147,0.035041384
2020,0.108952425,0.04942795
2021,-0.06629019,0.031908516
2022,-0.026962347,0.11452538
2023,-0.17354763,-0.036094557
2024,0.06258035,-0.11042251
2025,0.050977897,-0.024282955
2026,0.05264395,-0.06339672
2027,-0.05910934,0.016595908
2028,0.13856491,0.002209039
2029,0.025012223,-0.04993539
2030,0.07927421,0.041990947
2031,0.023810307,-0.04301967
2032,0.052816454,-0.07680801
2033,-0.07564661,-0.028343998
2034,0.035657387,-0.007797328
2035,0.15119296,0.020825222
2036,-0.028568631,-0.055160977
2037,0.026462464,0.014243461
2038,0.047225814,0.03892863
2039,-0.033877425,0.07136189
2040,0.054907296,0.115232155
2041,-0.16299245,0.0012037009
2042,0.017911807,-0.043174095
2043,0.252336,-0.07947074
2044,0.18643276,-0.033809796
2045,-0.12900792,-0.03486403
2046,-0.058504343,-0.024577793
2047,-0.1764134,0.15441915
2048,0.045792986,0.0502579
2049,-0.029285386,-0.06432757
2050,0.1664531,0.015725868
2051,0.027375117,-0.06645065
2052,0.14900701,-0.15445243
2053,-0.013090315,0.0041410476
2054,0.004462014,0.019552818
2055,0.08323385,0.038299393
2056,0.28347594,-0.007131635
2057,-0.18392938,0.008765864
2058,0.23056646,-0.065533705
2059,-0.035773616,-0.018420387
2060,0.009121698,-0.055937517
2061,-0.18441589,0.055131603
2062,0.115117684,-0.041414052
2063,0.0037087076,0.08880734
2064,-0.054144315,-0.021805504
2065,-0.01853337,0.09464881
2066,-0.1672091,-0.02736879
2067,-0.15530103,0.13024753
2068,-0.12229122,0.010509199
2069,0.13734488,-0.06591371
2070,0.07034612,-0.10940094
2071,-0.1003891,-0.23053533
2072,0.037611105,-0.12857868
2073,0.09637548,0.087591715
2074,0.15645312,0.0018292242
2075,0.1121983,0.13102694
2076,0.06176258,-0.0578406
2077,-0.033062108,-0.0019118316
2078,-0.044687055,-0.055741206
2079,0.07064076,0.061574895
2080,0.0608772,0.062029794
2081,-0.07773646,-0.09866402
2082,-0.14167964,0.029354395
2083,-0.13742673,-0.07285076
2084,0.14920557,0.14869542
2085,0.1720431,-0.08073423
2086,0.14053124,-0.11277645
2087,0.013999411,0.043107472
2088,0.094593614,-0.07174764
2089,0.11832527,0.052887075
2090,-0.09252072,-0.06837313
2091,0.029986082,0.02513751
2092,-0.17128071,0.053919602
2093,0.10897073,-0.020681407
2094,0.09158063,0.016350728
2095,0.088066466,-0.010289369
2096,0.21737048,-0.044851292
2097,0.014032236,0.06553701
2098,-0.12500842,0.021090325
2099,-0.013093682,-0.064980455
2100,0.1132436,-0.039081004
2101,-0.16574983,-0.18579438
2102,0.05339748,0.021289362
2103,0.20224863,-0.13565104
2104,-0.06679672,-0.056598637
2105,-0.0011183384,0.13319576
2106,-0.19323736,0.06973701
2107,0.09659344,0.0323487
2108,0.06388352,0.15625428
2109,-0.10273564,0.06050539
2110,-0.054206606,-0.13288221
2111,0.02873149,-0.025731005
2112,-0.08693373,0.03732667
2113,0.00156814,0.05591248
2114,0.10510671,0.023480196
2115,-0.34800687,-0.07699174
2116,-0.13158995,0.09803831
2117,0.12180573,-0.08317119
2118,-0.05040783,0.06563976
2119,0.05535897,0.025638236
2120,0.014769186,-0.035512444
2121,-0.025371974,-0.036209166
2122,0.04719701,-0.12718372
2123,0.25527543,0.024299307
2124,0.12802483,0.036289897
2125,-0.05623616,-0.08127114
2126,-0.07548495,0.025764901
2127,0.18271707,-0.06824623
2128,0.1368725,0.0692993
2129,0.041065298,-0.058187064
2130,0.039070293,0.06159019
2131,0.097837195,-0.1453728
2132,0.11680655,-0.03698724
2133,0.0807422,-0.03825198
2134,0.15961608,-0.037231043
2135,-0.018087558,0.06502515
2136,0.07280657,-0.036862195
2137,-0.10169705,0.009579826
2138,0.103833996,-0.09169839
2139,0.19379696,-0.020230377
2140,-0.18806441,0.08030225
2141,0.19499777,0.030226525
2142,0.08701094,-0.0037660266
2143,-0.09702792,-0.043325655
2144,-0.03321754,-0.15668711
2145,0.05647112,0.06016592
2146,-0.19267891,-0.07518179
2147,0.116060115,0.010833229
2148,-0.0067830966,-0.025421362
2149,-0.23192227,0.025787085
2150,-0.039784342,0.03054699
2151,-0.16667257,-0.07353591
2152,0.033804923,-0.16466872
2153,-0.00036217633,0.12105837
2154,-0.13001944,0.0083819
2155,0.08057194,0.0053200754
2156,-0.10517435,-0.073954664
2157,-0.13800137,0.08958549
2158,-0.0151881715,-0.058369543
2159,-0.23946944,-0.04817039
2160,-0.22750586,0.07277432
2161,0.06515908,0.011160844
2162,-0.17555489,0.10302271
2163,-0.024973717,-0.079011254
2164,-0.083488554,0.040963493
2165,-0.0503067,-0.011343883
2166,-0.08083827,0.024538461
2167,-0.08583133,-0.012978858
2168,0.11253593,-0.017840667
2169,-0.08242009,-0.040764052
2170,-0.31553248,0.08444709
2171,0.028614433,0.052064426
2172,0.03187694,-0.015884077
2173,0.02473762,0.05556472
2174,0.0021357664,0.03998263
2175,0.016712595,0.086710624
2176,0.07547105,-0.06922252
2177,0.21015117,0.010148636
2178,-0.21376249,-0.026057048
2179,-0.18800148,-0.084426545
2180,0.036653195,-0.011796071
2181,-0.20074953,0.0286791
2182,0.03336844,0.00084493787
2183,-0.056707587,-0.060498074
2184,0.009673259,0.114909105
2185,-0.07982323,0.11120972
2186,0.045949902,-0.002392341
2187,-0.094181426,0.0999122
2188,-0.025171213,-0.06596398
2189,-0.033685066,0.02565843
2190,0.1809404,0.031855002
2191,-0.035875298,0.115014315
2192,0.19485834,0.08753689
2193,0.061319236,-0.03352165
2194,0.07414169,-0.043863814
2195,-0.037805025,-0.02730619
2196,0.16024487,0.053174432
2197,-0.049258713,-0.011654833
2198,0.0996534,-0.033687368
2199,-0.060311712,0.01033719
2200,0.033786286,0.15769258
2201,0.07734558,0.06634561
2202,-0.12996627,0.0017084907
2203,-0.2228323,-0.05966184
2204,-0.053546228,-0.04334874
2205,0.12059553,-0.10600795
2206,0.096089154,-0.1160336
2207,-0.09643485,0.039380692
2208,-0.01676035,0.06530936
2209,0.12777488,0.020097278
2210,-0.0093684215,0.07182824
2211,0.13832891,-0.08491147
2212,-0.015843846,-0.036367983
2213,0.00261291,0.044449255
2214,-0.24537952,-0.0657096
2215,-0.07572679,0.06597712
2216,-0.028152134,-0.14512457
2217,0.10579195,-0.0053444444
2218,-0.01823726,-0.042276625
2219,0.20935212,-0.14861599
2220,0.03129707,0.048934978
2221,0.08722869,0.017445745
2222,-0.08983122,0.030313496
2223,-0.1452836,-0.019539664
2224,-0.023600472,-0.030874467
2225,-0.16918038,0.046399478
2226,-0.04040524,0.13913378
2227,0.12055203,-0.06565577
2228,-0.01151502,-0.17943524
2229,-0.04029022,0.102486886
2230,-0.033450056,-0.06374647
2231,0.052225213,-0.04122641
2232,-0.018805698,0.015715415
2233,-0.09518665,-0.079964414
2234,-0.08800108,0.0514462
2235,0.100944445,0.08036846
2236,0.098431714,0.08082879
2237,-0.06808643,0.033580583
2238,0.08615821,0.14551139
2239,0.14307326,0.09345528
2240,-0.034683377,0.061677605
2241,-0.018610375,0.037770033
2242,0.01787009,0.08022069
2243,-0.19166756,-0.004538091
2244,-0.016694635,0.02484168
2245,-0.1341274,0.0028291813
2246,0.019817455,0.021910489
2247,0.15037313,-0.05549687
2248,-0.0052264133,-0.0056648804
2249,0.08050806,-0.18533257
2250,-0.162301,-0.002975656
2251,0.09590979,0.035783004
2252,0.09853714,-0.035120524
2253,-0.07549936,0.10290668
2254,-0.1504689,-0.01494528
2255,0.0028994635,-0.089334436
2256,-0.0984246,-0.03717925
2257,-0.20433587,0.13156831
2258,-0.1629101,0.030171499
2259,-0.0035914173,-0.042248655
2260,-0.016680116,0.12810628
2261,-0.077564724,-0.08109861
2262,-0.14418413,0.054204244
2263,0.16641693,0.009676371
2264,-0.0612959,-0.03396532
2265,-0.15639913,-0.05894421
2266,0.096779525,0.038126532
2267,-0.027382514,-0.026805418
2268,0.058128104,-0.06257626
2269,-0.031370457,0.08057272
2270,-0.03604836,-0.009525932
2271,-0.11290175,0.03005476
2272,0.13768558,-0.10219732
2273,0.06657702,-0.05595227
2274,-0.007164841,0.09948591
2275,0.09103735,0.023609532
2276,0.0606241,-0.056143522
2277,-0.15781991,0.016243277
2278,-0.19059983,-0.025789056
2279,-0.18645896,-0.03488734
2280,0.066810556,-0.010169832
2281,0.1699206,-0.113722585
2282,-0.019083036,0.0006857404
2283,0.086512074,0.10103195
2284,-0.18089454,0.0013921405
2285,-0.100699365,-0.0022930796
2286,-0.07980458,0.04748863
2287,-0.026566416,-0.05898007
2288,-0.15007442,-0.071812406
2289,0.070063636,0.08533341
2290,0.0465204,0.06276162
2291,0.07085919,-0.12127345
2292,-0.19545324,-0.044038367
2293,-0.016450597,-0.023064971
2294,0.037297808,0.10523602
2295,0.15960981,-0.06564927
2296,-0.1210931,0.028114405
2297,-0.11563273,-0.10216777
2298,0.11757124,0.10706586
2299,-0.010696646,-0.0086926175
2300,-0.21105292,-0.018507527
2301,0.04049774,-0.18245193
2302,-0.12854442,-0.0883551
2303,-0.2493489,-0.05995648
2304,-0.002349221,0.06928274
2305,0.03413413,-0.10248786
2306,0.033298288,0.0762457
2307,-0.00445821,-0.15010722
2308,0.033636384,0.030547852
2309,0.03177183,0.05664699
2310,0.029217325,0.052845158
2311,-0.065361634,0.02760513
2312,0.055313896,0.10448187
2313,-0.20498784,0.033676114
2314,-0.19790494,-0.11436361
2315,-0.0034831057,-0.006870522
2316,0.13605164,0.078960575
2317,-0.04745853,-0.015796099
2318,-0.009734737,-0.050659124
2319,0.06380841,0.034207005
2320,0.09099799,-0.041147858
2321,-0.062465724,0.03901292
2322,0.12550722,0.008897237
2323,0.2108386,-0.043267258
2324,-0.007567039,0.07420847
2325,-0.043046363,0.020123804
2326,-0.105087616,0.029403493
2327,-0.21999861,0.0281878
2328,0.012837834,0.14043532
2329,0.051864855,0.059016693
2330,0.05408177,0.053709723
2331,0.110891104,0.026522966
2332,0.15339328,-0.05150813
2333,0.068244405,-0.024094157
2334,-0.0007087717,0.04312561
2335,-0.16783847,-0.006419765
2336,0.141399,0.006515372
2337,-0.053009313,-0.018472988
2338,0.16227607,-0.09990515
2339,0.18434967,-0.064795904
2340,-0.021304226,-0.0064279893
2341,0.044688746,0.029020455
2342,-0.105957806,0.028731564
2343,-0.008241174,0.016686175
2344,0.0005067448,-0.008284203
2345,0.085080266,-0.039189745
2346,0.12122392,-0.11722709
2347,0.03255507,-0.111866444
2348,-0.0061062253,0.03146522
2349,0.07524759,0.21872851
2350,0.022435907,0.024383295
2351,0.14538544,-0.009004688
2352,0.03096629,0.06064042
2353,-0.03902664,0.028252777
2354,0.19914165,0.019914865
2355,-0.011643942,0.06392667
2356,-0.14239216,0.038867224
2357,-0.13564149,-0.048681587
2358,-0.088199414,0.017843267
2359,-0.033354457,0.043400817
2360,-0.11980669,-0.011089045
2361,-0.07666297,-0.10704075
2362,-0.11837894,-0.06538256
2363,-0.05581884,-0.112915434
2364,0.010970329,-0.016169066
2365,-0.1582589,0.04015879
2366,-0.016668031,-0.25198513
2367,-0.00013457659,-0.06408418
2368,-0.112650655,-0.01733584
2369,-0.057581462,0.028861348
2370,-0.24067308,-0.036324166
2371,-0.111156054,-0.01147687
2372,0.0057267025,0.02455157
2373,0.101140395,0.02079546
2374,-0.042960532,0.123202644
2375,0.137514,0.029777462
2376,-0.024846267,0.08093954
2377,0.14523946,0.10624519
2378,0.13581146,0.027597712
2379,-0.19607319,0.047553975
2380,-0.08347605,-0.049228866
2381,0.049010344,-0.021789253
2382,0.18685956,0.01586718
2383,0.0722834,-0.06742496
2384,-0.08083454,-0.044721816
2385,0.0864818,0.03235489
2386,0.07347271,-0.07007535
2387,0.020639692,-0.034532815
2388,0.06947572,-0.028759314
2389,0.14221904,0.042127896
2390,-0.0069370964,0.083220966
2391,0.18967107,0.10643504
2392,0.10612145,0.042063225
2393,-0.18468991,0.04702917
2394,0.14488381,0.040276103
2395,0.06828988,-0.020455314
2396,0.15661958,0.012500272
2397,0.07599439,-0.06986412
2398,0.014879882,0.045572646
2399,0.07209364,0.020630209
2400,-0.22592762,0.07659725
2401,-0.21162465,0.060846485
2402,0.08448388,-0.10340587
2403,0.026414048,0.07209322
2404,0.09829689,0.08334515
2405,0.09151346,-0.114955686
2406,0.010221451,-0.016450083
2407,-0.12061226,0.020741684
2408,-0.08963714,-0.06809754
2409,0.16472526,0.089573026
2410,-0.06618575,-0.07855632
2411,-0.010871604,0.13323137
2412,0.049688738,-0.009876289
2413,0.1945881,0.049080733
2414,0.06018018,0.028078133
2415,-0.18238576,-0.07439793
2416,-0.027891682,0.04633447
2417,0.2529152,0.048228458
2418,-0.029514467,0.10559881
2419,-0.063515835,0.0853424
2420,-0.19787686,0.055169847
2421,0.0023071943,-0.13586277
2422,0.10226456,-0.08173573
2423,-0.081921354,-0.003135114
2424,0.1682319,-0.091085225
2425,0.020969097,0.07206033
2426,0.06869717,0.06171878
2427,-0.113383785,-0.08213003
2428,0.12180955,0.030167094
2429,-0.12351147,0.01773553
2430,0.107559614,0.087914385
2431,-0.02143434,-0.017518586
2432,0.047455985,0.016511979
2433,-0.13594694,0.032388225
2434,0.052204326,-0.026023477
2435,-0.004024258,-0.084255785
2436,-0.10524662,-0.0036717716
2437,0.14576733,0.04329533
2438,0.060781825,-0.05297944
2439,0.010275012,0.036265202
2440,0.13422395,-0.03291155
2441,0.19125028,0.07690697
2442,-0.111448936,-0.11592023
2443,-0.032183565,-0.024212113
2444,-0.0016109188,0.046123367
2445,0.0012390378,0.031980414
2446,-0.004809667,-0.021495482
2447,-0.025814483,0.12333821
2448,0.0152890235,-0.06854521
2449,-0.050055202,0.07607095
2450,-0.1348973,-0.01685111
2451,0.016894665,-0.00950963
2452,-0.08750989,0.0025558257
2453,0.02511691,0.086301096
2454,0.06018261,-0.043365497
2455,-0.090314396,0.010973375
2456,-0.042052243,0.050766207
2457,0.16731098,0.13371316
2458,-0.04694108,0.088227384
2459,0.14112748,0.051020052
2460,-0.09586464,-0.09850521
2461,-0.06486487,-0.013013426
2462,-0.008866791,0.0658433
2463,0.03464939,0.062689126
2464,0.12579696,0.082119144
2465,-0.108885854,-0.045833733
2466,-0.045641307,-0.048620768
2467,-0.18618219,0.054765083
2468,0.2897897,-0.10008126
2469,0.0013795764,-0.09007977
2470,-0.017448599,-0.036365308
2471,-0.0405012,-0.077320404
2472,0.16476525,0.015267887
2473,0.022664618,-0.08140367
2474,0.17582752,-0.021677116
2475,0.057814363,0.104168706
2476,-0.007308687,0.05887388
2477,0.090614446,0.058610164
2478,0.055123378,0.072967544
2479,-0.02994284,-0.10122147
2480,0.06844,-0.12555143
2481,0.18234847,0.058817234
2482,0.15356436,0.017359879
2483,0.07461395,-0.05657112
2484,0.018822785,-0.056518678
2485,-0.07635815,0.080385625
2486,0.06972518,0.052983142
2487,-0.07954226,0.019772893
2488,-0.07603416,-0.10935379
2489,-0.07669755,0.062915005
2490,0.0034601267,0.10790297
2491,0.018981833,-0.0061758873
2492,-0.06261031,0.024150193
2493,0.09533432,0.07491083
2494,-0.06668052,-0.0035616711
2495,0.018566351,-0.024513619
2496,-0.07817482,-0.020037092
2497,0.09105635,-0.10078795
2498,-0.04249292,0.028993504
2499,-0.081265934,0.05429549
2500,0.002463117,-0.16544116
2501,0.2053281,-0.027052457
2502,-0.068787195,-0.019544445
2503,-0.024551598,-0.045916308
2504,-0.14590794,0.024782883
2505,-0.020329755,0.020661397
2506,0.10266012,-0.14799267
2507,0.11729835,-0.015225662
2508,0.07103973,-0.010848056
2509,0.13105617,-0.14107794
2510,0.040318567,0.13545452
2511,0.07076935,0.004002242
2512,-0.1656122,0.00020885775
2513,0.10628182,3.6843e-05
2514,-0.09409659,0.076066524
2515,-0.09706653,0.052616626
2516,-0.012711259,-0.051273856
2517,0.15505356,-0.08634627
2518,0.15636384,0.105153464
2519,-0.2321367,0.009389385
2520,0.04207097,-0.16324545
2521,-0.02148318,-0.07346758
2522,-0.05820906,0.028546438
2523,-0.1692093,-0.05454921
2524,-0.089662306,-0.0052719563
2525,-0.19368216,-0.034771293
2526,-0.18107307,-0.10197025
2527,-0.07729522,-0.001909351
2528,-0.062204752,-0.02777793
2529,0.027360417,0.036741484
2530,0.06990775,0.04136977
2531,0.09394077,0.09553054
2532,0.1221656,-0.1088385
2533,-0.03483365,-0.111161225
2534,0.058663283,0.08017121
2535,0.20128742,0.03686025
2536,-0.09399594,-0.02591081
2537,-0.008426174,0.037698053
2538,-0.12116191,0.023546217
2539,-0.20430039,-0.08701815
2540,0.12752989,0.04233611
2541,-0.037603423,-0.08483329
2542,-0.028900167,-0.0659959
2543,0.08837848,0.05984466
2544,0.06878998,0.0016149175
2545,-0.025558302,-0.042494327
2546,-0.0772285,-0.023216734
2547,-0.10834474,0.012961664
2548,0.016688602,-0.007499238
2549,0.06356663,0.032766014
2550,-0.22433631,-0.025027487
2551,-0.020008484,-0.000742899
2552,-0.09388298,-0.11509335
2553,0.1825825,0.070084736
2554,-0.1034266,0.06580512
2555,0.017956559,0.12261867
2556,0.17160006,-0.041986696
2557,0.17243652,-0.017624425
2558,-0.096782394,0.07210489
2559,0.088340126,-0.01773529
2560,-0.13692021,0.029477868
2561,0.0736995,0.07890406
2562,0.08075427,0.090735905
2563,-0.07658295,0.039554067
2564,-0.10494626,-0.060424652
2565,0.08712612,0.14779766
2566,-0.16201064,6.203449e-05
2567,-0.14711763,0.06342732
2568,0.043623284,-0.0101568755
2569,0.17351948,-0.069025084
2570,-0.0555521,0.05099201
2571,-0.22210239,-0.008464621
2572,0.024535555,0.055866104
2573,-0.06644399,0.031556617
2574,0.06192723,-0.12765725
2575,-0.027881155,-0.03011793
2576,0.062720776,0.018098725
2577,0.019804066,-0.09223301
2578,0.038430832,-0.10954311
2579,-0.07486111,-0.027416257
2580,-0.07148176,-0.067001194
2581,0.14097807,0.073900156
2582,-0.110155284,-0.00010441647
2583,-0.013130563,0.063131675
2584,-0.13531192,0.0049365168
2585,-0.044885334,0.06464021
2586,-0.009971534,0.04340638
2587,0.09409801,-0.023427267
2588,-0.02574564,-0.021086246
2589,-0.017168365,-0.12716036
2590,0.06361639,0.0073082712
2591,0.051343005,-0.06162423
2592,-0.09693716,-0.10305072
2593,0.0037873231,0.034777526
2594,0.13477257,-0.0542414
2595,-0.30649242,0.09488664
2596,-0.023943152,0.02121556
2597,-0.034375012,-0.03929158
2598,-0.0026282948,-0.021078266
2599,0.2078361,-0.091935895
2600,-0.029104196,-0.08511009
2601,0.012298334,0.082841806
2602,0.15340139,0.059673686
2603,0.037494577,-0.05862861
2604,0.008684116,-0.08498807
2605,-0.016449269,-0.18120554
2606,0.12053156,-0.03850094
2607,-0.037233204,0.12115645
2608,0.0050649494,-0.13750903
2609,-0.018700682,0.01231447
2610,-0.06964462,0.034352645
2611,0.06040431,-0.030675929
2612,-0.15375498,-0.124316856
2613,-0.1754435,-0.11107741
2614,0.04346292,-0.08735261
2615,-0.09845832,-6.9954076e-05
2616,0.046469003,0.1037479
2617,-0.014554121,0.015604096
2618,0.08538333,-0.04040036
2619,0.07851854,-0.09716416
2620,-0.22615719,-0.027352072
2621,-0.117997445,0.040498212
2622,0.24065582,0.040498875
2623,-0.106380865,-0.09579013
2624,0.03361111,-0.012987756
2625,0.05555421,0.0023628792
2626,-0.05379892,0.07708556
2627,-0.15872741,-0.16412067
2628,-0.11998261,0.021219626
2629,0.15565887,0.072932474
2630,0.054441575,0.09849182
2631,-0.024971547,-0.030142235
2632,0.06760969,-0.07504157
2633,-0.054316435,-0.0045997445
2634,0.079256035,-0.021198986
2635,-0.07971176,0.039219618
2636,0.0951907,-0.0059358752
2637,0.009080931,0.01899977
2638,0.1772236,0.041582603
2639,0.09665751,-0.03859794
2640,0.11176554,0.0013796719
2641,-0.050958525,0.03191733
2642,-0.033717263,-0.014995556
2643,0.11992235,0.078524455
2644,-0.15193279,0.094132446
2645,0.018969828,-0.06313979
2646,-0.0029447265,-0.0031172708
2647,0.000753117,0.17353413
2648,0.02783696,-0.032664698
2649,-0.032495774,0.0564717
2650,0.0545189,-0.06250316
2651,0.1630707,-0.07372839
2652,-0.08362349,0.084720045
2653,0.033829477,-0.06574911
2654,-0.07552421,-0.067557424
2655,-0.067617275,0.11074711
2656,-0.11612048,-0.06478653
2657,0.04238778,-0.03130066
2658,-0.0403779,-0.027693715
2659,0.111151256,-0.033565078
2660,0.15644976,-0.034385532
2661,0.0138152,-0.03338696
2662,-0.037249386,0.08338431
2663,0.015654817,0.023978408
2664,0.03292344,-0.08311917
2665,0.24660857,-0.01783388
2666,-0.11860081,0.028691221
2667,-0.021773247,-0.07586301
2668,-0.03261318,-0.0034093517
2669,0.09129317,0.060782116
2670,0.014648954,-0.029066136
2671,-0.08755611,-0.027196663
2672,-0.09036914,-0.007104559
2673,0.01983355,-0.19070697
2674,-0.18336423,-0.122852616
2675,0.18567272,0.043631196
2676,0.044156604,-0.013892537
2677,0.034531515,-0.0983831
2678,0.12985972,-0.03733508
2679,-0.11616699,0.07648469
2680,-0.15982483,0.07667126
2681,0.13502921,-0.07098387
2682,0.03553773,-0.040939152
2683,-0.20499739,-0.02835971
2684,0.1519234,0.001324661
2685,0.11338057,-0.063187525
2686,0.08512707,-0.10180097
2687,0.11072614,0.10622625
2688,-0.041502345,0.10617598
2689,-0.008829101,-0.06970554
2690,0.13968353,0.044608794
2691,-0.0808957,-0.009736093
2692,-0.12060235,-0.018685972
2693,-0.002549014,0.04151289
2694,0.19415516,0.018567668
2695,-0.108837806,-0.047027737
2696,0.04117281,-0.096414305
2697,-9.317501e-06,0.05497529
2698,-0.069454506,-0.007465168
2699,-0.07746663,0.114261314
2700,0.17076717,0.015232493
2701,0.026126817,0.0024575552
2702,0.1970179,0.002553472
2703,-0.043246172,-0.054803554
2704,-0.08874206,-0.09384061
2705,0.13881567,-0.008521412
2706,0.13650309,0.048621155
2707,-0.06485805,0.018987076
2708,0.07731841,-0.023562983
2709,0.030811291,0.08874073
2710,-0.1406731,-0.014297502
2711,0.13405077,0.035276055
2712,0.07137197,0.06818309
2713,-0.13983807,0.013401608
2714,-0.038824607,0.10442037
2715,0.12842515,-0.1546355
2716,-0.17716691,-0.091574475
2717,0.26269448,0.0018093684
2718,-0.13649364,0.084889896
2719,0.036447722,-0.046847392
2720,0.074887834,-0.02295925
2721,-0.08426128,0.06460998
2722,-0.10304733,0.09669352
2723,0.009162588,0.11652987
2724,0.008363954,0.04624246
2725,-0.17911232,0.091746286
2726,0.11736813,0.02881544
2727,0.08087319,-0.054604672
2728,0.16405413,-0.05775581
2729,0.13693224,0.029479226
2730,-0.1390533,0.03152429
2731,0.08043681,0.030721083
2732,0.15719295,0.00083306315
2733,-0.06884909,0.049510885
2734,-0.067490235,0.052221667
2735,0.010072577,0.030555993
2736,0.17344236,0.020752326
2737,0.10002828,0.027256422
2738,-0.00754791,0.014402637
2739,0.036105677,-0.026261482
2740,-0.13638665,0.0794238
2741,0.088961415,-0.08709902
2742,-0.11549277,0.012539608
2743,-0.104905516,-0.10373668
2744,0.07722438,0.013216875
2745,-0.10069134,0.011900968
2746,0.044596277,-0.0065870187
2747,0.017193044,-0.0077464567
2748,0.0133459885,0.02372031
2749,-0.01482567,0.10177048
2750,0.033571195,-0.07043738
2751,0.040395956,0.084602945
2752,-0.15214397,0.0013545608
2753,0.07702416,0.0314409
2754,0.1554607,-0.039638434
2755,0.004605221,0.13217004
2756,0.118624695,0.20423274
2757,-0.01449363,0.08026716
2758,-0.09556191,0.048635107
2759,-0.034049504,0.009620885
2760,-0.14531554,-0.0022155286
2761,0.034971107,-0.043947406
2762,-0.06724136,-0.03164627
2763,0.06441606,-0.0576228
2764,-0.013939239,0.038792692
2765,0.021769807,-0.008324652
2766,0.061350424,0.019670228
2767,-0.1605031,0.09097051
2768,-0.15992491,-0.044188473
2769,-0.067483485,-0.021518148
2770,-0.21547712,0.07349487
2771,-0.14309429,-0.18386707
2772,0.042626362,-0.15513304
2773,0.08218649,0.08102946
2774,0.083866,0.03526675
2775,0.052461788,0.095571995
2776,0.056486465,-0.029125037
2777,0.14587379,0.07185119
2778,0.14240633,0.11769141
2779,-0.071841896,-0.009936108
2780,-0.10771094,0.046130877
2781,-0.1663368,-0.040783197
2782,-0.0318145,0.09448166
2783,-0.010781708,0.014684502
2784,0.20474593,-0.03535174
2785,-0.0113077955,-0.07926987
2786,-0.04221455,0.032142617
2787,-0.16542612,-0.12130371
2788,0.0655894,-0.04012265
2789,0.08338484,0.08139753
2790,0.10205529,0.04864553
2791,-0.040244523,-0.05709013
2792,-0.12445049,0.15033096
2793,-0.13002382,-0.029946635
2794,0.14991577,0.08516309
2795,0.108549185,0.19491532
2796,-0.21512167,0.01149098
2797,0.12292234,0.08359844
2798,0.029639838,0.02817139
2799,0.038939532,0.008757017
2800,-0.12817346,-0.045343753
2801,-0.025072489,-0.09884349
2802,0.10093264,-0.026535315
2803,0.12330023,0.043636855
2804,0.08685167,0.10598025
2805,-0.14577572,-0.025592024
2806,-0.062455572,0.006287295
2807,-0.11278921,0.07449672
2808,0.09377692,0.15638053
2809,-0.2149325,-0.03944356
2810,0.16396199,0.0038879446
2811,0.118787356,-0.09487474
2812,0.090049714,0.04414663
2813,0.051845174,0.026459347
2814,0.09287612,0.061707232
2815,-0.08036114,0.026615597
2816,-0.22819899,0.001935599
2817,-0.082002096,0.047222335
2818,0.04987776,0.019337833
2819,0.027162634,-0.018111493
2820,0.049917184,0.09910141
2821,0.20247312,0.048548687
2822,-0.11272465,-0.008535604
2823,0.1065874,-0.02931386
2824,-0.15447414,-0.0047719777
2825,0.07658772,0.06530607
2826,0.17148508,-0.0052722106
2827,0.121947445,0.06397888
2828,-0.1694069,-0.03240117
2829,-0.07109096,-0.055182263
2830,-0.15466659,0.108803704
2831,-0.108925655,0.044250015
2832,0.05109616,0.03198316
2833,0.1519349,-0.10546724
2834,-0.06622243,0.12410327
2835,0.04141477,-0.018080236
2836,-0.13905215,0.062432837
2837,-0.075404756,0.0017168277
2838,-0.034474824,0.10762588
2839,-0.0638839,-0.11770677
2840,-0.006161575,0.0022775156
2841,-0.04736144,0.05512966
2842,-0.11501078,-0.022168178
2843,0.11740443,0.03374786
2844,0.0025272008,0.025876742
2845,-0.083542764,-0.0059508816
2846,-0.11606364,-0.07880296
2847,0.019026285,-0.06935064
2848,-0.02020014,0.04299369
2849,0.09702054,-0.030659342
2850,-0.14499275,-0.030346094
2851,-0.16594227,-0.04602599
2852,0.09547185,-0.0032099877
2853,0.07255078,-0.10289783
2854,-0.009529824,-0.18611988
2855,0.10871005,-0.16568664
2856,-0.09116329,-0.062768444
2857,-0.179594,0.023273703
2858,0.11514187,0.011444131
2859,0.06665869,-0.016838197
2860,-0.0044760527,0.062588185
2861,-0.078479156,0.017010152
2862,-0.24616614,0.046588298
2863,-0.13633344,0.093844846
2864,0.009455568,-0.024699748
2865,0.038221054,0.06542194
2866,0.07189966,0.0659819
2867,-0.19086495,0.11268026
2868,-0.0075641135,-0.07007039
2869,-0.06286651,0.07262817
2870,0.0833845,-0.05703071
2871,-0.10858524,-0.034963153
2872,0.11338618,0.009623425
2873,0.09248081,-0.021527214
2874,0.011442433,-0.064315386
2875,-0.12480476,-0.00929283
2876,0.012186157,-0.08845593
2877,0.109196864,0.040479004
2878,0.04038669,0.058628753
2879,-0.062981226,-0.05681588
2880,-0.22981545,0.04191559
2881,0.09318374,-0.08686267
2882,-0.13979371,0.07280039
2883,-0.06705428,0.020778663
2884,-0.09201997,0.056020483
2885,0.0042194794,-0.13594598
2886,0.06741287,0.0012739535
2887,0.014436441,-0.096380316
2888,-0.18292788,-0.030226612
2889,-0.025299784,-0.06406881
2890,-0.06630507,-0.00489111
2891,-0.079023875,-0.15381902
2892,-0.054195125,-0.019081362
2893,-0.14693426,0.01984427
2894,-0.16272224,-0.017955117
2895,-0.20104028,-0.038549967
2896,0.16131228,0.00041055627
2897,0.090502694,0.02860962
2898,-0.017517261,-0.036357123
2899,0.02737568,-0.042971723
2900,-0.023877652,-0.0057489225
2901,-0.076324,0.018649224
2902,-0.082167216,0.028005203
2903,0.08824809,0.04117669
2904,-0.032308284,0.008144057
2905,0.008756833,-0.03519203
2906,0.055823643,0.10487603
2907,0.02477293,0.011637513
2908,0.08476622,-0.017507806
2909,0.01099776,0.112663776
2910,0.0829004,0.005344666
2911,-0.0857898,-0.04421113
2912,0.025434954,-0.056437567
2913,0.06445606,-0.020599037
2914,0.010060384,-0.054888085
2915,-0.113591135,-0.00405904
2916,0.0012645238,0.1086699
2917,0.05882667,-0.0806817
2918,0.096295394,-0.12181728
2919,0.016136475,-0.10807907
2920,0.20239732,-0.123418465
2921,-0.13172622,0.07642619
2922,0.12083909,-0.17045224
2923,0.11009481,-0.024746433
2924,0.095171876,0.011964331
2925,-0.004802844,0.06305608
2926,-0.09506921,-0.036739223
2927,-0.28205577,0.0250028
2928,0.07706573,0.06665557
2929,-0.08579028,-0.113353826
2930,0.2171802,0.048280362
2931,0.06588469,-0.16420382
2932,-0.02539809,-0.028376898
2933,-0.14207011,-0.051640105
2934,0.1444194,-0.08073813
2935,0.0076659336,-0.1695181
2936,-0.12940247,-0.052823734
2937,-0.011839682,-0.020825567
2938,-0.055357985,0.067614496
2939,0.06857803,-0.08061127
2940,0.17192523,-0.057274714
2941,-0.06868025,0.09119321
2942,-0.17410903,0.04418335
2943,0.018756088,0.11160799
2944,0.07736954,0.050806176
2945,-0.029248115,0.07384737
2946,-0.0834558,0.036213636
2947,-0.016190222,0.07748071
2948,0.12155963,0.012059073
2949,0.07373066,0.034168113
2950,0.102547154,-0.089606754
2951,-0.00079037005,-0.042010006
2952,0.05545823,0.010243593
2953,0.023144845,-0.13694137
2954,-0.04354727,-0.09370019
2955,0.14141221,-0.0048599713
2956,-0.07181275,-0.09031506
2957,0.06133946,0.108077
2958,0.1504822,-0.035277992
2959,-0.019223608,0.04529961
2960,-0.14716893,0.07181248
2961,0.023686856,0.044256188
2962,0.00042235726,-0.0012674468
2963,0.15756087,0.14274538
2964,0.03200724,0.025766117
2965,-0.008763849,-0.018759912
2966,0.08492109,0.033193976
2967,-0.065683216,0.12449136
2968,0.24764527,-0.10879751
2969,-0.016243862,-0.06335231
2970,0.13011897,-0.1263692
2971,0.08506934,0.04138171
2972,-0.04504415,0.004149741
2973,0.100133635,-0.025599416
2974,0.21443547,-0.0012423362
2975,0.021215893,0.07845733
2976,0.063222654,0.12488938
2977,-0.007996692,-0.021184055
2978,0.005323722,0.017653298
2979,0.066558786,0.018770676
2980,0.23657487,0.038947705
2981,-0.13510038,0.05420263
2982,-0.06209963,0.108346924
2983,-0.0074155666,-0.011944124
2984,-0.20822851,0.011386445
2985,0.018122809,0.0021033403
2986,0.080025464,0.094580255
2987,-0.074693754,0.10850096
2988,0.11203193,0.054930598
2989,-0.19848868,-0.04311506
2990,0.06734598,-0.1606727
2991,0.13262388,-0.014071698
2992,0.13871172,-0.017204158
2993,-0.13901493,0.0123337535
2994,0.14291736,-0.058912516
2995,0.04598163,-0.11223807
2996,-0.14893891,-0.09827609
2997,-0.12155021,0.07898747
2998,-0.09092446,0.04660727
2999,0.016719429,-0.030370079
3000,0.028421387,-0.07681297
3001,-0.2719265,-0.019354546
3002,0.037165504,-0.05162123
3003,-0.055669036,0.07654898
3004,0.07427514,0.012638182
3005,0.093490906,-0.18259455
3006,-0.17197864,0.014425381
3007,-0.03268662,-0.014044377
3008,-0.13654846,0.033351123
3009,0.004878235,-0.041542087
3010,0.0032216797,0.027141497
3011,0.1385934,-0.09422879
3012,0.12924302,0.083698414
3013,-0.02761499,0.06883437
3014,0.031425484,-0.09202012
3015,0.08845272,-0.012229934
3016,0.093952656,0.07330284
3017,0.030589348,-0.05494033
3018,-0.048808444,-0.00067514
3019,-0.014297104,0.028102584
3020,0.027462717,0.1155345
3021,-0.0024991937,0.08453379
3022,-0.07546116,0.16198473
3023,-0.12127306,0.032027666
3024,0.070057556,0.0186545
3025,-0.0040963273,-0.05947381
3026,-0.034875777,-0.048580904
3027,0.08459548,0.08768482
3028,-0.1343569,0.07987063
3029,0.14497206,-0.0998703
3030,0.121461876,0.006000922
3031,0.004616078,0.044061508
3032,0.04028951,-0.12653759
3033,0.029817192,0.0015702471
3034,0.018691892,-0.12724255
3035,-0.06801906,-0.04256274
3036,-0.033624537,0.014192628
3037,0.07840665,0.05949687
3038,0.18079063,-0.004967447
3039,-0.036213182,-0.024403146
3040,-0.13007256,0.0012956442
3041,0.14733453,-0.19694059
3042,0.07273713,0.03763148
3043,-0.16253777,-0.13486034
3044,0.23606339,0.014130565
3045,0.062909395,-0.0074076364
3046,0.042225588,0.032738354
3047,0.12676296,0.025947183
3048,-0.14413878,-0.07421939
3049,0.009360341,-0.02673089
3050,-0.03368556,0.0110996915
3051,0.12359914,0.06196469
3052,-0.0462731,0.10125077
3053,0.015941149,-0.039761372
3054,0.15357842,0.038928963
3055,-0.13559462,-0.006312747
3056,0.11473208,-0.0025045115
3057,0.060031775,0.0055278563
3058,0.06596708,-0.05999741
3059,0.1030731,0.06170024
3060,-0.07449956,-0.0769823
3061,-0.06395425,0.030513534
3062,0.04833684,0.019452576
3063,0.14062038,-0.054153144
3064,0.0089417,0.06596633
3065,-0.11478101,0.005055166
3066,0.1420226,-0.13983043
3067,-0.06596569,-0.13797034
3068,-0.07627845,-0.095014885
3069,0.006816772,0.1264858
3070,-0.08623278,-0.041982077
3071,-0.06746741,-0.09616122
