pipeline,name_freq_bin,macro_f05,ceiling_f05
P5-Bwide,no cands,0.9526143790849674,0.9895833333333334
P5-Bwide,q1 rare,0.9746012626240421,0.9921318714164835
P5-Bwide,q2,0.9811775666905862,0.9959564695644724
P5-Bwide,q3,0.9769768416695804,0.9960045594850193
P5-Bwide,q4,0.9665834476477363,0.9889140337837067
P5-Bwide,q5 common,0.9499295775881375,0.9714802805642654
P6,no cands,0.9526143790849674,0.9895833333333334
P6,q1 rare,0.9740937894780473,0.9914382520798841
P6,q2,0.9812096605402413,0.9957224935217618
P6,q3,0.9769550352846723,0.9953324076626414
P6,q4,0.9631553842736083,0.9848491241339632
P6,q5 common,0.9432685778854754,0.9635349069037445
P8,no cands,0.9526143790849674,0.9895833333333334
P8,q1 rare,0.9741786111859633,0.9914382520798841
P8,q2,0.980863305273268,0.9957224935217618
P8,q3,0.9764373630927322,0.9953324076626414
P8,q4,0.9628440708187261,0.9848491241339632
P8,q5 common,0.942610893117807,0.9635349069037445
P4-C,no cands,0.9526143790849674,0.9895833333333334
P4-C,q1 rare,0.9735332424742322,0.9914382520798841
P4-C,q2,0.9810741960044292,0.9957224935217618
P4-C,q3,0.9763869284818902,0.9953324076626414
P4-C,q4,0.963253593283816,0.9848491241339632
P4-C,q5 common,0.9424695968476334,0.9635349069037445
